"","disasterNumber","declarationDate","incidentType","pwNumber","applicationTitle","applicantId","damageCategoryCode","dcc","damageCategory","projectSize","county","countyCode","state","stateCode","stateNumberCode","projectAmount","federalShareObligated","totalObligated","obligatedDate","hash","lastRefresh","id"
"1",4441,2019-06-08 15:18:00,"Flood",166,"110581 - Debris Removal Murray Hydro Plant Inlet","119-50450-00","A - Debris Removal","A","Debris Removal","Large","Pulaski",119,"Arkansas","AR",5,6780000,5085000,5085000,2020-03-03 23:49:01,"af257b310ffcd277f262c3ef8b1b6d92",2020-03-04 20:44:42,"5e60133a9fec19281363e806"
"2",4441,2019-06-08 15:18:00,"Flood",1,"104449 - Arkansas Department of Emergency Management -","000-URKLW-00","Z - State Management","Z","State Management","Large","Statewide",0,"Arkansas","AR",5,1992367.8,1992367.8,1992367.8,2020-05-12 23:35:41,"78de4f547b9cff98428aaf1be7507b0a",2020-05-13 16:43:05,"5ebc2399d7f69950ebd1995d"
"3",4441,2019-06-08 15:18:00,"Flood",200,"111015 - Clinton Library Pipe damage","119-0221C-00","F - Public Utilities","F","Public Utilities","Large","Pulaski",119,"Arkansas","AR",5,2260928,1695696,1695696,2020-03-13 20:53:07,"ed920d6e6bdfe138c04392ef72893664",2020-03-15 08:14:59,"5e6de403c101911ebd67d0dd"
"4",4441,2019-06-08 15:18:00,"Flood",224,"110666 -  EPM Facility Wide","119-UTJ4D-00","B - Protective Measures","B","Protective Measures","Large","Pulaski",119,"Arkansas","AR",5,1835194.5,1376395.88,1376395.88,2020-03-03 23:49:01,"326ad126d3ce3e667f78cb9f006108a8",2020-03-04 20:44:42,"5e60133a9fec19281363e810"
"5",4441,2019-06-08 15:18:00,"Flood",201,"110662 - Harbor Sea Wall Repairs","119-UIBRR-00","D - Water Control Facilities","D","Water Control Facilities","Large","Pulaski",119,"Arkansas","AR",5,1688673,1266504.75,1266504.75,2020-03-31 21:58:46,"111f1296789e85a9cd7add8e6a37b222",2020-04-01 16:43:03,"5e84c497d7f69950ebaf956c"
"6",4441,2019-06-08 15:18:00,"Flood",262,"110363 - City of Mayflower Wastewater Treatment Plant","045-44750-00","F - Public Utilities","F","Public Utilities","Large","Faulkner",45,"Arkansas","AR",5,863007.41,647255.56,647255.56,2020-04-13 20:46:31,"3ef25d68bbb43b3f8023a53a9f6341ac",2020-04-14 16:43:08,"5e95e81cd7f69950eb0ecbb5"
"7",4441,2019-06-08 15:18:00,"Flood",209,"106914-Arkansas State Military Department - Emergency P","000-U0BXX-00","B - Protective Measures","B","Protective Measures","Large","Statewide",0,"Arkansas","AR",5,856318.69,642239.02,642239.02,2020-03-03 19:56:33,"470e453a80ca44c67d87aef3a5e6231a",2020-03-04 20:44:42,"5e60133a9fec19281363e804"
"8",4441,2019-06-08 15:18:00,"Flood",102,"106640 - East Perry County Road 2511","105-99105-00","C - Roads and Bridges","C","Roads and Bridges","Large","Perry",105,"Arkansas","AR",5,786723.02,590042.27,590042.27,2019-11-23 00:08:39,"daa494e6a6904253ee0ea3e96361d152",2020-01-10 02:57:53,"5e17e831c3cdaf7453b2e63d"
"9",4441,2019-06-08 15:18:00,"Flood",119,"106618 - Perry County - County Wide Roads","105-99105-00","C - Roads and Bridges","C","Roads and Bridges","Large","Perry",105,"Arkansas","AR",5,785990.48,589492.86,589492.86,2020-01-14 23:29:30,"187d14a86716f15295c00fee88c37c2f",2020-01-15 20:45:26,"5e1f79e690d4f74386d6ac8b"
"10",4441,2019-06-08 15:18:00,"Flood",302,"110551 - EPM North Little Rock","119-50450-00","B - Protective Measures","B","Protective Measures","Large","Pulaski",119,"Arkansas","AR",5,775426.03,581569.52,581569.52,2020-05-04 16:12:43,"b08ebda20b1dbcc07f470908386dbdb5",2020-05-05 16:43:03,"5eb19797d7f69950eb9acfd1"
"11",4441,2019-06-08 15:18:00,"Flood",197,"111006 - Upper Riverside, Broken Interceptor","119-0221C-00","F - Public Utilities","F","Public Utilities","Large","Pulaski",119,"Arkansas","AR",5,755155.25,566366.44,566366.44,2020-03-03 19:56:24,"b07182b244b7068d676419acb6adc65f",2020-03-04 20:44:42,"5e60133a9fec19281363e80c"
"12",4441,2019-06-08 15:18:00,"Flood",187,"112728 - G3 Electric boxes and Wires","069-55310-00","G - Recreational or Other","G","Recreational or Other","Large","Jefferson",69,"Arkansas","AR",5,632832,474624,474624,2020-01-22 00:14:22,"ddbd5f53e8c1d449656db951f500291d",2020-01-22 20:40:57,"5e28b3593ed9ed454195d83b"
"13",4441,2019-06-08 15:18:00,"Flood",272,"110957 - Burns Park 2","119-50450-00","G - Recreational or Other","G","Recreational or Other","Large","Pulaski",119,"Arkansas","AR",5,630824.38,473118.29,473118.29,2020-04-08 16:11:10,"ff05430160a612e723cb47820a83a91b",2020-04-09 16:43:01,"5e8f5095d7f69950ebee5f78"
"14",4441,2019-06-08 15:18:00,"Flood",78,"105516 - Snow Lake Roads","041-99041-00","C - Roads and Bridges","C","Roads and Bridges","Large","Desha",41,"Arkansas","AR",5,522146.61,391609.96,391609.96,2019-11-17 04:26:28,"8e2a3cdb0abf21aa7aa052a9db20c516",2020-01-10 02:57:52,"5e17e830c3cdaf7453b2e60e"
"15",4441,2019-06-08 15:18:00,"Flood",56,"104561 - Lagoon Station - Building 8000 - Treatment Fac","131-03640-00","F - Public Utilities","F","Public Utilities","Large","Sebastian",131,"Arkansas","AR",5,441577,331182.75,331182.75,2020-02-20 22:57:44,"e9a3e836375e5768ccbbf571fe065b9f",2020-02-21 20:41:04,"5e5040609fec1928135adaf7"
"16",4441,2019-06-08 15:18:00,"Flood",1,"104449 - Arkansas Department of Emergency Management -","000-URKLW-00","Z - State Management","Z","State Management","Large","Statewide",0,"Arkansas","AR",5,306171.39,306171.39,306171.39,2019-08-06 16:22:38,"2074cc4cd02db3ecee4593ae81a5345e",2020-01-10 02:57:52,"5e17e830c3cdaf7453b2e5c3"
"17",4441,2019-06-08 15:18:00,"Flood",74,"105519 - Pendleton Roads and Culverts","041-99041-00","C - Roads and Bridges","C","Roads and Bridges","Large","Desha",41,"Arkansas","AR",5,402310.67,301733,301733,2020-01-22 00:14:22,"dbcdfc6e8fa6c39b7ccadd9aae2de86f",2020-01-22 20:40:57,"5e28b3593ed9ed454195d83a"
"18",4441,2019-06-08 15:18:00,"Flood",274,"110959 - Dickey Stephens Ballfield","119-50450-00","G - Recreational or Other","G","Recreational or Other","Large","Pulaski",119,"Arkansas","AR",5,375709,281781.75,281781.75,2020-05-04 16:12:43,"4d9c4be72c7d2ea9928570c601d5e46e",2020-05-05 16:43:03,"5eb19797d7f69950eb9acfc8"
"19",4441,2019-06-08 15:18:00,"Flood",33,"105903 - Veterans Park Project including Roads","149-17380-00","G - Recreational or Other","G","Recreational or Other","Large","Yell",149,"Arkansas","AR",5,357303.76,267977.82,267977.82,2020-01-14 23:29:31,"aa414dd9f5a6a1071ec8f68dea9fc7e7",2020-01-15 20:45:26,"5e1f79e690d4f74386d6ac84"
"20",4441,2019-06-08 15:18:00,"Flood",96,"109062 - 8) Rocky Ridge Rd- Low Gap Rd, Blackjack Lane","047-99047-00","C - Roads and Bridges","C","Roads and Bridges","Large","Franklin",47,"Arkansas","AR",5,347824.62,260868.47,260868.47,2019-12-04 19:18:40,"a3e518bdcd6251f4925847aecd844aef",2020-01-10 02:57:52,"5e17e830c3cdaf7453b2e60d"
"21",4441,2019-06-08 15:18:00,"Flood",196,"106680 - Emergency Protective Measures for Arkansas Dep","000-UDQGP-00","B - Protective Measures","B","Protective Measures","Large","Statewide",0,"Arkansas","AR",5,323369.38,242527.04,242527.04,2020-02-20 22:57:44,"0985f86993a5cd6403bb1a0b4f6521c3",2020-02-21 20:41:04,"5e5040609fec1928135adaf9"
"22",4441,2019-06-08 15:18:00,"Flood",164,"110742 -  Dock damage","000-UVKMF-00","G - Recreational or Other","G","Recreational or Other","Large","Statewide",0,"Arkansas","AR",5,323138.72,242354.04,242354.04,2020-03-23 22:25:02,"0b2e8ae8fc3839d65468b0971d0d3824",2020-03-24 19:42:50,"5e7a62bafde7bd26f3d2a61b"
"23",4441,2019-06-08 15:18:00,"Flood",180,"110669 - Levee Permanent Repairs","119-UTJ4D-00","D - Water Control Facilities","D","Water Control Facilities","Large","Pulaski",119,"Arkansas","AR",5,319226.31,239419.73,239419.73,2020-04-03 19:56:11,"9a58da6cc4d97ee5bd307bb12103f99c",2020-04-04 16:42:55,"5e88b90fd7f69950ebbc3144"
"24",4441,2019-06-08 15:18:00,"Flood",230,"107983 - Treatment Plant Equipment and Facilities","069-U9XY5-00","F - Public Utilities","F","Public Utilities","Large","Jefferson",69,"Arkansas","AR",5,310750.87,233063.15,233063.15,2020-03-13 20:53:08,"af2f9fb4010202e8b1fc2bcb449aeaf9",2020-03-15 08:15:00,"5e6de404c101911ebd67d0de"
"25",4441,2019-06-08 15:18:00,"Flood",103,"108954 - 9) Jennie Rd, Kenny Hole, Coon Tree","047-99047-00","C - Roads and Bridges","C","Roads and Bridges","Large","Franklin",47,"Arkansas","AR",5,293784.68,220338.51,220338.51,2019-11-19 18:03:40,"afd4c544c02f220cd1d2bf94cfddfe4f",2020-01-10 02:57:52,"5e17e830c3cdaf7453b2e609"
"26",4441,2019-06-08 15:18:00,"Flood",167,"108257 - Emergency Protective Measures","029-99029-00","B - Protective Measures","B","Protective Measures","Large","Conway",29,"Arkansas","AR",5,280759.75,210569.81,210569.81,2020-01-08 17:58:44,"7fe6a3f6eb14fd35b57c7786a229af91",2020-01-10 02:57:53,"5e17e831c3cdaf7453b2e673"
"27",4441,2019-06-08 15:18:00,"Flood",217,"112283 - Fort Smith Debris","131-24550-00","A - Debris Removal","A","Debris Removal","Large","Sebastian",131,"Arkansas","AR",5,275698.25,206773.69,206773.69,2020-02-18 21:42:29,"aaccbc5159b23a57115057bca942f080",2020-02-19 20:41:02,"5e4d9d5e9fec19281353538a"
"28",4441,2019-06-08 15:18:00,"Flood",242,"129139 - City of Mayflower Lagoon","045-44750-00","A - Debris Removal","A","Debris Removal","Large","Faulkner",45,"Arkansas","AR",5,258732.28,194049.21,194049.21,2020-04-03 19:56:10,"0cd1e39b7164b5fda9409cf02a1b85d3",2020-04-04 16:42:55,"5e88b90fd7f69950ebbc3145"
"29",4441,2019-06-08 15:18:00,"Flood",22,"105133 - Mulberry Roads","033-UXV9X-00","C - Roads and Bridges","C","Roads and Bridges","Large","Crawford",33,"Arkansas","AR",5,257375.92,193031.94,193031.94,2019-10-11 19:47:01,"29af725ce7dcbb146cbdb11e9d4184cb",2020-01-10 02:57:52,"5e17e830c3cdaf7453b2e5f0"
"30",4441,2019-06-08 15:18:00,"Flood",80,"106804 - Embankment for Railroad.","000-UVKMF-00","C - Roads and Bridges","C","Roads and Bridges","Large","Statewide",0,"Arkansas","AR",5,256874.77,192656.08,192656.08,2019-12-17 19:11:22,"283b95741fb2695052f22e892d2fc695",2020-01-10 02:57:52,"5e17e830c3cdaf7453b2e60b"
"31",4441,2019-06-08 15:18:00,"Flood",38,"107298 - Faulkner County Road Dept. Emergency Protectiv","045-99045-01","B - Protective Measures","B","Protective Measures","Large","Faulkner",45,"Arkansas","AR",5,245249.09,183936.82,183936.82,2019-10-24 22:56:21,"63bd591869ff9d63a25313a0e115fad0",2020-01-10 02:57:52,"5e17e830c3cdaf7453b2e5cc"
"32",4441,2019-06-08 15:18:00,"Flood",40,"105132 - Alma Roads","033-UXV9X-00","C - Roads and Bridges","C","Roads and Bridges","Large","Crawford",33,"Arkansas","AR",5,237930.6,178447.95,178447.95,2019-10-11 19:47:01,"919dec33e76dc0bc20b626a511ab9e82",2020-01-10 02:57:52,"5e17e830c3cdaf7453b2e5d3"
"33",4441,2019-06-08 15:18:00,"Flood",265,"110593 - North Little Rock Debris Removal City Wide and","119-50450-00","A - Debris Removal","A","Debris Removal","Large","Pulaski",119,"Arkansas","AR",5,236089.72,177067.29,177067.29,2020-04-08 16:11:10,"a4705e473fb39e014a8a4a63c08b517b",2020-04-09 16:43:01,"5e8f5095d7f69950ebee5f77"
"34",4441,2019-06-08 15:18:00,"Flood",290,"111059 - Management costs","119-0221C-00","Z - State Management","Z","State Management","Large","Pulaski",119,"Arkansas","AR",5,172265.82,172265.82,172265.82,2020-05-04 16:12:43,"19fbe1e93e8aeb9a425b24759202a404",2020-05-05 16:43:03,"5eb19797d7f69950eb9acfcc"
"35",4441,2019-06-08 15:18:00,"Flood",185,"112736 - G4 Baseball field and soft ball field","069-55310-00","G - Recreational or Other","G","Recreational or Other","Large","Jefferson",69,"Arkansas","AR",5,227747,170810.25,170810.25,2020-03-03 19:56:31,"3eb3deb3639334ff5af210a024f9b4f9",2020-03-04 20:44:42,"5e60133a9fec19281363e800"
"36",4441,2019-06-08 15:18:00,"Flood",85,"106625 - Perry County, Toadsuck Lane","105-99105-00","C - Roads and Bridges","C","Roads and Bridges","Large","Perry",105,"Arkansas","AR",5,213329.16,159996.87,159996.87,2019-11-23 00:08:39,"0c79d44294c5eed787c373e34dc96518",2020-01-10 02:57:53,"5e17e831c3cdaf7453b2e619"
"37",4441,2019-06-08 15:18:00,"Flood",107,"110413 - G2- Shoreline on Lake Drive","069-55310-00","G - Recreational or Other","G","Recreational or Other","Large","Jefferson",69,"Arkansas","AR",5,204070.74,153053.06,153053.06,2019-12-04 19:18:40,"88d4da3868605342a463d06d38d687e4",2020-01-10 02:57:53,"5e17e831c3cdaf7453b2e642"
"38",4441,2019-06-08 15:18:00,"Flood",219,"110998 - Dark Hollow Interceptor Damage, Palm St.","119-0221C-00","F - Public Utilities","F","Public Utilities","Large","Pulaski",119,"Arkansas","AR",5,201632.61,151224.46,151224.46,2020-03-03 19:56:26,"7c13cd854accaac77fdd203d8c06116c",2020-03-04 20:44:42,"5e60133a9fec19281363e802"
"39",4441,2019-06-08 15:18:00,"Flood",34,"106230 - County Roads","149-99149-00","C - Roads and Bridges","C","Roads and Bridges","Large","Yell",149,"Arkansas","AR",5,194889.53,146167.15,146167.15,2019-10-18 21:54:16,"3895a04e84144b260c5eed620281ff2f",2020-01-10 02:57:52,"5e17e830c3cdaf7453b2e5d0"
"40",4441,2019-06-08 15:18:00,"Flood",112,"110327 - Searcy County Scenic Road and Browntown Road S","129-99129-00","C - Roads and Bridges","C","Roads and Bridges","Large","Searcy",129,"Arkansas","AR",5,185348.13,139011.1,139011.1,2020-02-20 22:57:44,"e14a20e564268dd5e8e5aa4e7ff5ffbb",2020-02-21 20:41:04,"5e5040609fec1928135adafb"
"41",4441,2019-06-08 15:18:00,"Flood",208,"111504 - City of Conway Fire, Transportation, Sanitatio","045-15190-00","B - Protective Measures","B","Protective Measures","Large","Faulkner",45,"Arkansas","AR",5,180154.17,135115.63,135115.63,2020-03-03 19:56:28,"b1533ddec1f6321d5df46625b6ace22e",2020-03-04 20:44:42,"5e60133a9fec19281363e808"
"42",4441,2019-06-08 15:18:00,"Flood",73,"109064 - Shady Lane - Bridge","047-99047-00","C - Roads and Bridges","C","Roads and Bridges","Large","Franklin",47,"Arkansas","AR",5,176741.62,132556.22,132556.22,2020-01-08 17:58:45,"fee3eddbe7bba67a170d387360168130",2020-01-10 02:57:53,"5e17e831c3cdaf7453b2e632"
"43",4441,2019-06-08 15:18:00,"Flood",27,"104236 - Emergency Sand Bagging Levee Protection and Di","149-17380-00","B - Protective Measures","B","Protective Measures","Large","Yell",149,"Arkansas","AR",5,170529.75,127897.31,127897.31,2019-10-07 20:56:59,"dc82286c3854a4740f1787d5beef051f",2020-01-10 02:57:52,"5e17e830c3cdaf7453b2e5bb"
"44",4441,2019-06-08 15:18:00,"Flood",168,"108260 - Emergency Protective Measures","119-UTBGN-00","B - Protective Measures","B","Protective Measures","Large","Pulaski",119,"Arkansas","AR",5,165704.68,124278.51,124278.51,2020-01-08 17:58:45,"8880bf177156c853dbfedb6e605660c9",2020-01-10 02:57:53,"5e17e831c3cdaf7453b2e674"
"45",4441,2019-06-08 15:18:00,"Flood",190,"110410 - G1--Benches and playground","069-55310-00","G - Recreational or Other","G","Recreational or Other","Large","Jefferson",69,"Arkansas","AR",5,163677,122757.75,122757.75,2020-01-14 23:29:32,"c4c3480d10399feb991c0e2459edfa11",2020-01-15 20:45:26,"5e1f79e690d4f74386d6ac87"
"46",4441,2019-06-08 15:18:00,"Flood",234,"117532 - Two Rivers Trail Embankment Collapse & Erosion","119-41000-00","G - Recreational or Other","G","Recreational or Other","Large","Pulaski",119,"Arkansas","AR",5,142766.12,107074.59,107074.59,2020-05-04 16:12:43,"e441ee95fd82c84ffd2df6115dcfbec3",2020-05-05 16:43:03,"5eb19797d7f69950eb9acfc5"
"47",4441,2019-06-08 15:18:00,"Flood",181,"110329 - Searcy County Low Water Crossings (Slabs) and","129-99129-00","C - Roads and Bridges","C","Roads and Bridges","Large","Searcy",129,"Arkansas","AR",5,137459.49,103094.62,103094.62,2020-03-03 19:56:30,"417a6c2e0f92da61b80eacb367cff0c0",2020-03-04 20:44:42,"5e60133a9fec19281363e801"
"48",4441,2019-06-08 15:18:00,"Flood",15,"105899 - N. Rock St. Storm Drain and Road Damage","149-17380-00","C - Roads and Bridges","C","Roads and Bridges","Large","Yell",149,"Arkansas","AR",5,136872.95,102654.71,102654.71,2019-10-24 22:56:21,"000c30b936a41ad97894a97871693e90",2020-01-10 02:57:52,"5e17e830c3cdaf7453b2e5ef"
"49",4441,2019-06-08 15:18:00,"Flood",28,"105138 - Old 81 Loop Road Culvert","033-UXV9X-00","C - Roads and Bridges","C","Roads and Bridges","Large","Crawford",33,"Arkansas","AR",5,135034.61,101275.96,101275.96,2020-05-04 16:12:44,"05d3713f7fc899e2ca2749f8a1b3e105",2020-05-05 16:43:02,"5eb19796d7f69950eb9acfc3"
"50",4441,2019-06-08 15:18:00,"Flood",205,"105406 - Delta River Nature Center Damaged Buildings Ca","000-U2TVF-00","E - Public Buildings","E","Public Buildings","Large","Statewide",0,"Arkansas","AR",5,134915.45,101186.59,101186.59,2020-03-03 19:56:22,"5afd6f437a12566bc339bb4ed5e4b30a",2020-03-04 20:44:42,"5e60133a9fec19281363e80f"
"51",4441,2019-06-08 15:18:00,"Flood",91,"105416 - Delta River Nature Center Equipment Damages","000-U2TVF-00","E - Public Buildings","E","Public Buildings","Large","Statewide",0,"Arkansas","AR",5,130462.32,97846.74,97846.74,2020-04-13 20:46:30,"aa19d5801af78a8a95f0a0a11e06a5d9",2020-04-14 16:43:08,"5e95e81cd7f69950eb0ecbb2"
"52",4441,2019-06-08 15:18:00,"Flood",260,"108367 - Searcy County Section 1 Roads","129-99129-00","C - Roads and Bridges","C","Roads and Bridges","Large","Searcy",129,"Arkansas","AR",5,129756.63,97317.47,97317.47,2020-04-08 16:11:10,"6a099c73e9f17cd3abc533d522d66d99",2020-04-09 16:43:01,"5e8f5095d7f69950ebee5f75"
"53",4441,2019-06-08 15:18:00,"Flood",99,"106788 - Todd Road","029-52430-00","C - Roads and Bridges","C","Roads and Bridges","Small","Conway",29,"Arkansas","AR",5,127550.23,95662.67,95662.67,2019-11-17 04:26:27,"ebd386ee1e8ef004e9c2265722c56383",2020-01-10 02:57:53,"5e17e831c3cdaf7453b2e61e"
"54",4441,2019-06-08 15:18:00,"Flood",8,"105012 - Sand Bagging and Emergency/ Temporary Road Rep","033-UXV9X-00","B - Protective Measures","B","Protective Measures","Small","Crawford",33,"Arkansas","AR",5,121460.97,91095.73,91095.73,2019-10-07 20:56:59,"5628ee5d36858c23fdf3ff493b229482",2020-01-10 02:57:52,"5e17e830c3cdaf7453b2e5cf"
"55",4441,2019-06-08 15:18:00,"Flood",186,"109873 - Cat D- Plum Bayou Levee.","069-UK5YG-00","D - Water Control Facilities","D","Water Control Facilities","Small","Jefferson",69,"Arkansas","AR",5,119689.75,89767.31,89767.31,2020-01-22 00:14:22,"ca612cdf54d5135124d3b5b032f31daa",2020-01-22 20:40:57,"5e28b3593ed9ed454195d83c"
"56",4441,2019-06-08 15:18:00,"Flood",212,"107940 - Flood damages at Pinnacle Mountain State Park","000-U0414-00","G - Recreational or Other","G","Recreational or Other","Small","Statewide",0,"Arkansas","AR",5,119265.55,89449.16,89449.16,2020-03-03 19:56:33,"83b616dd892a10d1baab165525ccc278",2020-03-04 20:44:42,"5e60133a9fec19281363e80e"
"57",4441,2019-06-08 15:18:00,"Flood",165,"108255 - Conway County Road Damage","029-99029-00","C - Roads and Bridges","C","Roads and Bridges","Small","Conway",29,"Arkansas","AR",5,115152.07,86364.05,86364.05,2020-01-08 17:58:44,"14c41f43f3933c3266513482e51261f9",2020-01-10 02:57:53,"5e17e831c3cdaf7453b2e671"
"58",4441,2019-06-08 15:18:00,"Flood",37,"105137 - Van Buren Roads","033-UXV9X-00","C - Roads and Bridges","C","Roads and Bridges","Small","Crawford",33,"Arkansas","AR",5,114475.37,85856.53,85856.53,2019-10-11 19:47:01,"dc7e0e03fa22d102c03c1de2ac980b9a",2020-01-10 02:57:52,"5e17e830c3cdaf7453b2e5d4"
"59",4441,2019-06-08 15:18:00,"Flood",175,"110318 - Searcy County Section 2 Roads","129-99129-00","C - Roads and Bridges","C","Roads and Bridges","Small","Searcy",129,"Arkansas","AR",5,113806.57,85354.93,85354.93,2020-01-14 23:29:31,"87309050602672e743a86777967449fe",2020-01-15 20:45:26,"5e1f79e690d4f74386d6ac89"
"60",4441,2019-06-08 15:18:00,"Flood",237,"108221 - Bill Clark Wetlands near Arkansas River","119-41000-00","G - Recreational or Other","G","Recreational or Other","Small","Pulaski",119,"Arkansas","AR",5,113538.47,85153.85,85153.85,2020-03-13 20:53:08,"0db465270ebe98f4fc00d1e42e8ae85c",2020-03-15 08:15:00,"5e6de404c101911ebd67d0e0"
"61",4441,2019-06-08 15:18:00,"Flood",100,"105088 - 4th Steet Sewer Line Collapse","033-UXWLG-00","F - Public Utilities","F","Public Utilities","Small","Crawford",33,"Arkansas","AR",5,111616.34,83712.26,83712.26,2019-12-17 19:11:21,"b008b38c2dc3922fc5eff327d340cccf",2020-01-10 02:57:52,"5e17e830c3cdaf7453b2e602"
"62",4441,2019-06-08 15:18:00,"Flood",131,"103890 - Arkansas Agriculture Department Emergency Prot","000-U94V2-00","B - Protective Measures","B","Protective Measures","Small","Statewide",0,"Arkansas","AR",5,111203.41,83402.56,83402.56,2019-12-04 19:18:39,"b1849831b13131905c2d471e9665776b",2020-01-10 02:57:52,"5e17e830c3cdaf7453b2e605"
"63",4441,2019-06-08 15:18:00,"Flood",269,"110324 - Searcy County Section 6 Roads","129-99129-00","C - Roads and Bridges","C","Roads and Bridges","Small","Searcy",129,"Arkansas","AR",5,108229.26,81171.95,81171.95,2020-04-13 20:46:31,"15d4ff755d62e60f81f1a024d398c7af",2020-04-14 16:43:08,"5e95e81cd7f69950eb0ecbb8"
"64",4441,2019-06-08 15:18:00,"Flood",254,"115426 - Truck Weight Scale","131-U09KM-00","E - Public Buildings","E","Public Buildings","Small","Sebastian",131,"Arkansas","AR",5,107659.87,80744.9,80744.9,2020-04-13 20:46:31,"38923a766a9662e9a1570f7e6748a907",2020-04-14 16:43:08,"5e95e81cd7f69950eb0ecbb4"
"65",4441,2019-06-08 15:18:00,"Flood",275,"109354 - Tucker Lake Levee Drainage District","069-USH7T-00","D - Water Control Facilities","D","Water Control Facilities","Small","Jefferson",69,"Arkansas","AR",5,107156.59,80367.44,80367.44,2020-05-04 16:12:45,"042e3a15832a81dfc84b52291c781787",2020-05-05 16:43:03,"5eb19797d7f69950eb9acfc9"
"66",4441,2019-06-08 15:18:00,"Flood",117,"110964 - Big Dam Bridge Lights","119-99119-00","G - Recreational or Other","G","Recreational or Other","Small","Pulaski",119,"Arkansas","AR",5,106549.47,79912.1,79912.1,2020-01-14 23:29:30,"c3fbdd8f10718df7a642dc9c7d9d7769",2020-01-15 20:45:26,"5e1f79e690d4f74386d6ac8a"
"67",4441,2019-06-08 15:18:00,"Flood",111,"111334 - Todd Rd. Damage","029-99029-00","C - Roads and Bridges","C","Roads and Bridges","Small","Conway",29,"Arkansas","AR",5,105925.13,79443.85,79443.85,2019-12-04 19:18:39,"4893e0b9a76c71423299ed97bb07a506",2020-01-10 02:57:53,"5e17e831c3cdaf7453b2e641"
"68",4441,2019-06-08 15:18:00,"Flood",169,"110988 - SandBagging & Flood Fighting","119-UW47A-00","B - Protective Measures","B","Protective Measures","Small","Pulaski",119,"Arkansas","AR",5,101277.02,75957.77,75957.77,2020-01-08 17:58:45,"e6817926c33718f0cdfca31dbc0428cd",2020-01-10 02:57:53,"5e17e831c3cdaf7453b2e677"
"69",4441,2019-06-08 15:18:00,"Flood",92,"112307 - New Blaine Fire Association Temporary Facility","083-05C58-00","B - Protective Measures","B","Protective Measures","Small","Logan",83,"Arkansas","AR",5,1e+05,75000,75000,2019-11-17 04:26:28,"b805539115025d602005478ba38ea72c",2020-01-10 02:57:53,"5e17e831c3cdaf7453b2e636"
"70",4441,2019-06-08 15:18:00,"Flood",232,"110322 - Searcy County Section 4 Roads","129-99129-00","C - Roads and Bridges","C","Roads and Bridges","Small","Searcy",129,"Arkansas","AR",5,97217.72,72913.29,72913.29,2020-03-13 20:53:08,"c77521c85f1512ea48a437079c0c76f7",2020-03-15 08:15:00,"5e6de404c101911ebd67d0df"
"71",4441,2019-06-08 15:18:00,"Flood",101,"108605 - Ozark Water Treatment","047-52970-00","F - Public Utilities","F","Public Utilities","Small","Franklin",47,"Arkansas","AR",5,92329.82,69247.37,69247.37,2019-11-19 18:03:40,"23693db4d2207c2a3ad6075d0b710ade",2020-01-10 02:57:53,"5e17e831c3cdaf7453b2e63b"
"72",4441,2019-06-08 15:18:00,"Flood",54,"105422 - Delta River Nature Center Damaged Recreational","000-U2TVF-00","G - Recreational or Other","G","Recreational or Other","Small","Statewide",0,"Arkansas","AR",5,88540.03,66405.02,66405.02,2020-01-08 17:58:43,"79cd8b8b7d84b978154b16ffbc45d86e",2020-01-10 02:57:53,"5e17e831c3cdaf7453b2e62c"
"73",4441,2019-06-08 15:18:00,"Flood",125,"105987 - Emergency Protective Measures","000-UVKMF-00","B - Protective Measures","B","Protective Measures","Small","Statewide",0,"Arkansas","AR",5,83730.77,62798.08,62798.08,2020-03-03 19:56:32,"d75830864e2d57ba3e4125906ee5a315",2020-03-04 20:44:42,"5e60133a9fec19281363e7fb"
"74",4441,2019-06-08 15:18:00,"Flood",240,"107900 - City of Little Rock Citywide PARKS Damage","119-41000-00","G - Recreational or Other","G","Recreational or Other","Small","Pulaski",119,"Arkansas","AR",5,82929.37,62197.03,62197.03,2020-05-12 23:35:42,"bf1c80910ae3b3cfb8cd982963c43a72",2020-05-13 16:43:06,"5ebc239ad7f69950ebd1995e"
"75",4441,2019-06-08 15:18:00,"Flood",32,"105803-Country Loop","149-99149-00","C - Roads and Bridges","C","Roads and Bridges","Small","Yell",149,"Arkansas","AR",5,80901.06,60675.8,60675.8,2019-10-07 20:56:59,"0d62627d5ea7433d75e5d7e9ea73da88",2020-01-10 02:57:52,"5e17e830c3cdaf7453b2e5f3"
"76",4441,2019-06-08 15:18:00,"Flood",152,"107369 - Choctaw Island Wildlife Management Area Multip","000-U2TVF-00","C - Roads and Bridges","C","Roads and Bridges","Small","Statewide",0,"Arkansas","AR",5,80489.48,60367.11,60367.11,2020-01-08 17:58:43,"5e52067699727e6d6501c0a56377b6b7",2020-01-10 02:57:52,"5e17e830c3cdaf7453b2e613"
"77",4441,2019-06-08 15:18:00,"Flood",253,"106801 - Debris Removal","000-UVKMF-00","A - Debris Removal","A","Debris Removal","Small","Statewide",0,"Arkansas","AR",5,79000,59250,59250,2020-04-03 19:56:10,"86746891cb419688899104a127e58d36",2020-04-04 16:42:55,"5e88b90fd7f69950ebbc3149"
"78",4441,2019-06-08 15:18:00,"Flood",203,"108286 - Hwy 155 Water Line and Hwy 7 Pump Station","149-00FED-00","F - Public Utilities","F","Public Utilities","Small","Yell",149,"Arkansas","AR",5,78577.61,58933.21,58933.21,2020-03-03 19:56:35,"8369eaeeff8d225edb9eae1f017a4947",2020-03-04 20:44:42,"5e60133a9fec19281363e80b"
"79",4441,2019-06-08 15:18:00,"Flood",69,"111742 - Brother Paul and Pine St","119-0221C-00","F - Public Utilities","F","Public Utilities","Small","Pulaski",119,"Arkansas","AR",5,78096.45,58572.34,58572.34,2020-01-08 17:58:44,"a1d16d65858162bbb08d53a952c09800",2020-01-10 02:57:52,"5e17e830c3cdaf7453b2e5ff"
"80",4441,2019-06-08 15:18:00,"Flood",298,"113015 - City of Mayflower Management Costs","045-44750-00","Z - State Management","Z","State Management","Small","Faulkner",45,"Arkansas","AR",5,58094.81,58094.81,58094.81,2020-05-04 16:12:44,"39aad611e9e6d2becb717590ecc91f19",2020-05-05 16:43:03,"5eb19797d7f69950eb9acfce"
"81",4441,2019-06-08 15:18:00,"Flood",162,"105892 - City of Little Rock FAL EPM by Public Works, F","119-41000-00","B - Protective Measures","B","Protective Measures","Small","Pulaski",119,"Arkansas","AR",5,76032.99,57024.74,57024.74,2020-01-08 17:58:44,"c96e07fe49351cabf0ccacd8534f8a86",2020-01-10 02:57:53,"5e17e831c3cdaf7453b2e640"
"82",4441,2019-06-08 15:18:00,"Flood",235,"126719 - Sebastian County road department EPM","131-99131-00","B - Protective Measures","B","Protective Measures","Small","Sebastian",131,"Arkansas","AR",5,74582.96,55937.22,55937.22,2020-03-03 19:56:27,"0431a0e2232ccf022fe653961654e0d1",2020-03-04 20:44:42,"5e60133a9fec19281363e813"
"83",4441,2019-06-08 15:18:00,"Flood",183,"118388 - Fort Smith Skate Park","131-24550-00","G - Recreational or Other","G","Recreational or Other","Small","Sebastian",131,"Arkansas","AR",5,73900,55425,55425,2020-01-14 23:29:32,"f317f04c01eecc7e98bb4fd745387e61",2020-01-15 20:45:26,"5e1f79e690d4f74386d6ac8c"
"84",4441,2019-06-08 15:18:00,"Flood",49,"104008 - Emergency Protective Measures","033-71480-00","B - Protective Measures","B","Protective Measures","Small","Crawford",33,"Arkansas","AR",5,72984.33,54738.25,54738.25,2019-10-18 21:54:16,"9fb50f5e9f7b09492476c2ffc2844f09",2020-01-10 02:57:52,"5e17e830c3cdaf7453b2e5d9"
"85",4441,2019-06-08 15:18:00,"Flood",17,"104161 - City of Maumelle Park SOD Loss and Destroyed","119-44600-00","G - Recreational or Other","G","Recreational or Other","Small","Pulaski",119,"Arkansas","AR",5,71581.7,53686.28,53686.28,2019-11-17 04:26:27,"5911ab8b47ef0669de8ffebaee497868",2020-01-10 02:57:52,"5e17e830c3cdaf7453b2e5f1"
"86",4441,2019-06-08 15:18:00,"Flood",47,"105092 - Khilling rd, Craft rd, Crowe rd, and Arbuckle","131-99131-00","C - Roads and Bridges","C","Roads and Bridges","Small","Sebastian",131,"Arkansas","AR",5,68709.57,51532.18,51532.18,2019-11-01 21:59:28,"bda780ce9238ade5aca19e06b4e1702d",2020-01-10 02:57:52,"5e17e830c3cdaf7453b2e5f7"
"87",4441,2019-06-08 15:18:00,"Flood",206,"110544 - Access Road","119-UTBGN-00","C - Roads and Bridges","C","Roads and Bridges","Small","Pulaski",119,"Arkansas","AR",5,68412.16,51309.12,51309.12,2020-03-03 19:56:31,"198c349ea7a568a0d5a4d4b658c149e7",2020-03-04 20:44:42,"5e60133a9fec19281363e7ff"
"88",4441,2019-06-08 15:18:00,"Flood",45,"104434 - Sandbagging, Dam Construction and County Polic","149-99149-00","B - Protective Measures","B","Protective Measures","Small","Yell",149,"Arkansas","AR",5,67110.4,50332.8,50332.8,2019-11-01 21:59:29,"0deff5aa324989dd286b9ce2fde072f0",2020-01-10 02:57:52,"5e17e830c3cdaf7453b2e5d8"
"89",4441,2019-06-08 15:18:00,"Flood",158,"110667 - Roads & Curbs Incidental Repairs Facility Wide","119-UTJ4D-00","C - Roads and Bridges","C","Roads and Bridges","Small","Pulaski",119,"Arkansas","AR",5,66920.94,50190.71,50190.71,2020-02-12 23:24:35,"120276fd431b3803e63841a9a634ce17",2020-02-19 20:41:02,"5e4d9d5e9fec192813535379"
"90",4441,2019-06-08 15:18:00,"Flood",51,"102705 - Faulkner County Sheriff's Office Emergency Pro","045-02406-00","B - Protective Measures","B","Protective Measures","Small","Faulkner",45,"Arkansas","AR",5,65615.2,49211.4,49211.4,2019-10-18 21:54:16,"4cec88a9af49f30a0c1fbbe75cad2d07",2020-01-10 02:57:52,"5e17e830c3cdaf7453b2e5da"
"91",4441,2019-06-08 15:18:00,"Flood",11,"104822 - VBMU LEE CREEK IND WWTP","033-UXWLG-00","F - Public Utilities","F","Public Utilities","Small","Crawford",33,"Arkansas","AR",5,65548.4,49161.3,49161.3,2019-12-11 23:57:53,"16c6d44e11e3fdc2aa07b9a9baccce6b",2020-01-10 02:57:52,"5e17e830c3cdaf7453b2e5f8"
"92",4441,2019-06-08 15:18:00,"Flood",46,"104846 - Countywide Debris Removal","041-99041-00","A - Debris Removal","A","Debris Removal","Small","Desha",41,"Arkansas","AR",5,64862.33,48646.75,48646.75,2019-11-23 00:08:39,"c3a64de6b5a2c3e93190b2f86c82472b",2020-01-10 02:57:52,"5e17e830c3cdaf7453b2e5d7"
"93",4441,2019-06-08 15:18:00,"Flood",213,"103616 - City of Mulberry Sewage Treatment","033-48200-00","F - Public Utilities","F","Public Utilities","Small","Crawford",33,"Arkansas","AR",5,64804.68,48603.51,48603.51,2020-05-04 16:12:44,"970dec05eaf86e5686e578c111597d36",2020-05-05 16:43:03,"5eb19797d7f69950eb9acfc4"
"94",4441,2019-06-08 15:18:00,"Flood",59,"105312 - Bigelow Sewer Plant","105-05920-00","F - Public Utilities","F","Public Utilities","Small","Perry",105,"Arkansas","AR",5,63353.5,47515.13,47515.13,2019-12-11 23:57:53,"c8cbe68f91b7febe91b538b6b7c4df4d",2020-01-10 02:57:52,"5e17e830c3cdaf7453b2e60f"
"95",4441,2019-06-08 15:18:00,"Flood",233,"115424 - Concrete Retaining Wall Block and Chain Link F","131-U09KM-00","G - Recreational or Other","G","Recreational or Other","Small","Sebastian",131,"Arkansas","AR",5,60638.73,45479.05,45479.05,2020-03-03 19:56:38,"d57771996b9f4f9f8614bdc6300eb8db",2020-03-04 20:44:42,"5e60133a9fec19281363e811"
"96",4441,2019-06-08 15:18:00,"Flood",191,"110321 - Searcy County Section 3 Roads","129-99129-00","C - Roads and Bridges","C","Roads and Bridges","Small","Searcy",129,"Arkansas","AR",5,59872.61,44904.46,44904.46,2020-01-22 00:14:22,"9749051e9e28f2b41bf82f5eb394ee2e",2020-01-22 20:40:57,"5e28b3593ed9ed454195d83e"
"97",4441,2019-06-08 15:18:00,"Flood",215,"106547 - Cat B project","069-99069-00","B - Protective Measures","B","Protective Measures","Small","Jefferson",69,"Arkansas","AR",5,58240.44,43680.33,43680.33,2020-02-18 21:42:28,"7ee83b0ef1216ceffc524cdd2c9b0fdf",2020-02-19 20:41:02,"5e4d9d5e9fec19281353537b"
"98",4441,2019-06-08 15:18:00,"Flood",129,"105911 - City of Little Rock Parks & Rec and Public Wo","119-41000-00","A - Debris Removal","A","Debris Removal","Small","Pulaski",119,"Arkansas","AR",5,58117.52,43588.14,43588.14,2020-01-08 17:58:44,"3478cb756da29afefc389991e7919958",2020-01-10 02:57:52,"5e17e830c3cdaf7453b2e60c"
"99",4441,2019-06-08 15:18:00,"Flood",72,"106043 - City of Perryville, Ash Street","105-54710-00","C - Roads and Bridges","C","Roads and Bridges","Small","Perry",105,"Arkansas","AR",5,57961.75,43471.31,43471.31,2019-12-04 19:18:40,"b032ebfe23367294387b64686a7316cf",2020-01-10 02:57:53,"5e17e831c3cdaf7453b2e631"
"100",4441,2019-06-08 15:18:00,"Flood",5,"105898 - Veterans Park Debris Removal and Reclamation","149-17380-00","A - Debris Removal","A","Debris Removal","Small","Yell",149,"Arkansas","AR",5,57034.55,42775.91,42775.91,2019-09-24 17:01:31,"f092b10e449fee72cfce7f95bec03ef2",2020-01-10 02:57:52,"5e17e830c3cdaf7453b2e5b5"
"101",4441,2019-06-08 15:18:00,"Flood",291,"115884 - Franklin County","047-99047-00","Z - State Management","Z","State Management","Small","Franklin",47,"Arkansas","AR",5,41603.47,41603.47,41603.47,2020-04-13 20:46:31,"fa7f793dd486223e99683c45b154dc2a",2020-04-14 16:43:08,"5e95e81cd7f69950eb0ecbbb"
"102",4441,2019-06-08 15:18:00,"Flood",204,"103664 - Dardanelle Management Costs","149-17380-00","Z - State Management","Z","State Management","Small","Yell",149,"Arkansas","AR",5,41178.3,41178.3,41178.3,2020-02-11 18:32:21,"104eeab962ea8a32c60feae6e16ed02d",2020-02-19 20:41:02,"5e4d9d5e9fec19281353538c"
"103",4441,2019-06-08 15:18:00,"Flood",41,"103749 - Crowe RD Sewer and Lagoon System","131-38890-00","F - Public Utilities","F","Public Utilities","Small","Sebastian",131,"Arkansas","AR",5,54790.35,41092.76,41092.76,2019-11-17 04:26:26,"3abe5d8a9aaa70bf2cc9a160b40ac9a7",2020-01-10 02:57:52,"5e17e830c3cdaf7453b2e5d5"
"104",4441,2019-06-08 15:18:00,"Flood",293,"113376 - Fraternal Order of Police Lodge","119-50450-00","E - Public Buildings","E","Public Buildings","Small","Pulaski",119,"Arkansas","AR",5,53855.1,40391.33,40391.33,2020-05-12 23:35:42,"7f6714db981d7e158bb948e91151e071",2020-05-13 16:43:06,"5ebc239ad7f69950ebd19961"
"105",4441,2019-06-08 15:18:00,"Flood",273,"111320 - Downtown Area","119-50450-00","G - Recreational or Other","G","Recreational or Other","Small","Pulaski",119,"Arkansas","AR",5,53188.96,39891.72,39891.72,2020-04-13 20:46:30,"ffc74076ee65ca3a940bf3994cba4393",2020-04-14 16:43:08,"5e95e81cd7f69950eb0ecbb9"
"106",4441,2019-06-08 15:18:00,"Flood",231,"115430 - Railroad Spur Track Damage and Sediment Remova","131-U09KM-00","G - Recreational or Other","G","Recreational or Other","Small","Sebastian",131,"Arkansas","AR",5,53016.11,39762.08,39762.08,2020-03-03 19:56:37,"bc0bf6cbfc5705de559d3038c1ad61c3",2020-03-04 20:44:42,"5e60133a9fec19281363e817"
"107",4441,2019-06-08 15:18:00,"Flood",172,"108184 - Emergency Protective Measures","119-0221C-00","B - Protective Measures","B","Protective Measures","Small","Pulaski",119,"Arkansas","AR",5,52250.99,39188.24,39188.24,2020-01-08 17:58:44,"41f236d1207554fc47a30c42ef0c054d",2020-01-10 02:57:53,"5e17e831c3cdaf7453b2e675"
"108",4441,2019-06-08 15:18:00,"Flood",192,"107484 - Sebastian County Disaster Response Team EPM","000-U2TVF-00","B - Protective Measures","B","Protective Measures","Small","Statewide",0,"Arkansas","AR",5,50593.58,37945.19,37945.19,2020-01-14 23:29:30,"fa7e95a65ca5a08b4815a8a2a5493915",2020-01-15 20:45:26,"5e1f79e690d4f74386d6ac88"
"109",4441,2019-06-08 15:18:00,"Flood",289,"111062 - Management Costs","000-UVKMF-00","Z - State Management","Z","State Management","Small","Statewide",0,"Arkansas","AR",5,37137.22,37137.22,37137.22,2020-04-13 20:46:31,"a231a89124236bd3c4e135f1ca9b7003",2020-04-14 16:43:08,"5e95e81cd7f69950eb0ecbba"
"110",4441,2019-06-08 15:18:00,"Flood",64,"104562 - Wastewater - Hwy 22, Building 7003 - Lift Stat","131-03640-00","F - Public Utilities","F","Public Utilities","Small","Sebastian",131,"Arkansas","AR",5,49305.66,36979.25,36979.25,2019-12-17 19:11:22,"5fcad6593243fbf95cc820679c5e2494",2020-01-10 02:57:52,"5e17e830c3cdaf7453b2e5fb"
"111",4441,2019-06-08 15:18:00,"Flood",58,"105086 - County Wide - Debris Removal","131-99131-00","A - Debris Removal","A","Debris Removal","Small","Sebastian",131,"Arkansas","AR",5,49190.7,36893.03,36893.03,2019-12-10 00:09:05,"e7bac8c734c81e3a1063cc5be9606582",2020-01-10 02:57:52,"5e17e830c3cdaf7453b2e608"
"112",4441,2019-06-08 15:18:00,"Flood",106,"106534 - Perry County - Debris Removal","105-99105-00","A - Debris Removal","A","Debris Removal","Small","Perry",105,"Arkansas","AR",5,49174.81,36881.11,36881.11,2019-12-04 19:18:39,"3363ea7b129a99ef814b339208c4ce6b",2020-01-10 02:57:52,"5e17e830c3cdaf7453b2e604"
"113",4441,2019-06-08 15:18:00,"Flood",227,"110323 - Searcy County Section 5 Roads","129-99129-00","C - Roads and Bridges","C","Roads and Bridges","Small","Searcy",129,"Arkansas","AR",5,45923.1,34442.33,34442.33,2020-03-03 19:56:30,"aabedfde5e92c9f347a788dcc663f78b",2020-03-04 20:44:42,"5e60133a9fec19281363e814"
"114",4441,2019-06-08 15:18:00,"Flood",36,"107165 - Debris removal","069-55310-00","A - Debris Removal","A","Debris Removal","Small","Jefferson",69,"Arkansas","AR",5,45263.25,33947.44,33947.44,2019-10-07 20:56:59,"47841253c4dad55fae1c52295cbe5fcf",2020-01-10 02:57:52,"5e17e830c3cdaf7453b2e5f5"
"115",4441,2019-06-08 15:18:00,"Flood",184,"105379 - Arkansas Department of Environmental Quality E","000-U6NKH-00","B - Protective Measures","B","Protective Measures","Small","Statewide",0,"Arkansas","AR",5,45090.58,33817.94,33817.94,2020-02-11 18:32:21,"cd8fd7fd4db2e1efdee4b5bf4085f36b",2020-02-19 20:41:02,"5e4d9d5e9fec192813535387"
"116",4441,2019-06-08 15:18:00,"Flood",20,"102884 - Arkansas State Police Emergency Protective Mea","000-U0416-00","B - Protective Measures","B","Protective Measures","Small","Statewide",0,"Arkansas","AR",5,44608.41,33456.31,33456.31,2019-10-07 20:56:58,"25d50172ec48a2e5d4fecca423a89a99",2020-01-10 02:57:52,"5e17e830c3cdaf7453b2e5f9"
"117",4441,2019-06-08 15:18:00,"Flood",52,"107238 - Faulkner County Road CAT A Debris Removal","045-99045-01","A - Debris Removal","A","Debris Removal","Small","Faulkner",45,"Arkansas","AR",5,44598.62,33448.97,33448.97,2019-10-18 21:54:16,"d36c0425cd694bf21e0422eb02a55548",2020-01-10 02:57:52,"5e17e830c3cdaf7453b2e5dc"
"118",4441,2019-06-08 15:18:00,"Flood",90,"110409 - Cat E2-Amphitheather contents, two RV Park sto","069-55310-00","E - Public Buildings","E","Public Buildings","Small","Jefferson",69,"Arkansas","AR",5,44506.02,33379.52,33379.52,2020-02-11 18:32:21,"2ee58f2a96d68e82e392b126b46244c7",2020-02-19 20:41:02,"5e4d9d5e9fec192813535373"
"119",4441,2019-06-08 15:18:00,"Flood",238,"107890 - City of Little Rock Citywide Equipment Damage","119-41000-00","E - Public Buildings","E","Public Buildings","Small","Pulaski",119,"Arkansas","AR",5,43839.58,32879.69,32879.69,2020-03-13 20:53:08,"c789e72f4cf1bfa5a83cf4f0419aad9e",2020-03-15 08:15:00,"5e6de404c101911ebd67d0e1"
"120",4441,2019-06-08 15:18:00,"Flood",115,"111044 - Faulkner Lake and White Oak Wastewater Facilit","119-0221C-00","F - Public Utilities","F","Public Utilities","Small","Pulaski",119,"Arkansas","AR",5,43791.02,32843.27,32843.27,2020-02-11 18:32:21,"471d6db464abd2e91d2c7d0b3c4e2544",2020-02-19 20:41:02,"5e4d9d5e9fec192813535378"
"121",4441,2019-06-08 15:18:00,"Flood",12,"104006 - PAAP - City of Van Buren Debris Removal","033-71480-00","A - Debris Removal","A","Debris Removal","Small","Crawford",33,"Arkansas","AR",5,43768.01,32826.01,32826.01,2019-10-07 20:56:58,"17057c16c9e2c223bdc68606d0bcf98a",2020-01-10 02:57:52,"5e17e830c3cdaf7453b2e5b8"
"122",4441,2019-06-08 15:18:00,"Flood",81,"104664 - Conway Corporation Emergency Protective Measur","045-01E20-00","B - Protective Measures","B","Protective Measures","Small","Faulkner",45,"Arkansas","AR",5,43767.58,32825.69,32825.69,2019-11-17 04:26:27,"8b697bbb101109218ce86e3b0cf52b40",2020-01-10 02:57:53,"5e17e831c3cdaf7453b2e617"
"123",4441,2019-06-08 15:18:00,"Flood",268,"110325 - Searcy County Section 7 Roads","129-99129-00","C - Roads and Bridges","C","Roads and Bridges","Small","Searcy",129,"Arkansas","AR",5,43495.1,32621.33,32621.33,2020-04-13 20:46:31,"14da03850388f33cd974b3696603d32a",2020-04-14 16:43:08,"5e95e81cd7f69950eb0ecbb7"
"124",4441,2019-06-08 15:18:00,"Flood",121,"108712 - Portland Road Culvert","029-99029-00","C - Roads and Bridges","C","Roads and Bridges","Small","Conway",29,"Arkansas","AR",5,43163.14,32372.36,32372.36,2020-03-03 19:56:23,"eb659539a9a02b711fbfc06dbfcf335f",2020-03-04 20:44:42,"5e60133a9fec19281363e7fa"
"125",4441,2019-06-08 15:18:00,"Flood",144,"110871 - C7- Ray dean Rd (Asphalt)","069-99069-00","C - Roads and Bridges","C","Roads and Bridges","Small","Jefferson",69,"Arkansas","AR",5,43026.47,32269.85,32269.85,2020-01-08 17:58:45,"42640f642caa191e20e003ebd78acaab",2020-01-10 02:57:53,"5e17e831c3cdaf7453b2e628"
"126",4441,2019-06-08 15:18:00,"Flood",118,"110879 - E Outdoor Sirens","069-99069-00","E - Public Buildings","E","Public Buildings","Small","Jefferson",69,"Arkansas","AR",5,42856,32142,32142,2020-01-08 17:58:44,"2b9d992259bea39429189b85d34b2e0c",2020-01-10 02:57:52,"5e17e830c3cdaf7453b2e600"
"127",4441,2019-06-08 15:18:00,"Flood",214,"104738 - Arkansas Department of EM - EOC Overtime","000-URKLW-00","B - Protective Measures","B","Protective Measures","Small","Statewide",0,"Arkansas","AR",5,41028.07,30771.05,30771.05,2020-04-08 16:11:09,"205759207f5dde1e7ac0da093f76688d",2020-04-09 16:43:01,"5e8f5095d7f69950ebee5f74"
"128",4441,2019-06-08 15:18:00,"Flood",300,"129405 - Management Cost","000-U2TVF-00","Z - State Management","Z","State Management","Small","Statewide",0,"Arkansas","AR",5,30524.85,30524.85,30524.85,2020-05-12 23:35:42,"ea63818eeb29296f4959c10bb16d70ac",2020-05-13 16:43:06,"5ebc239ad7f69950ebd19962"
"129",4441,2019-06-08 15:18:00,"Flood",57,"106605 - Perry County - Emergency Protective Measures","105-99105-00","B - Protective Measures","B","Protective Measures","Small","Perry",105,"Arkansas","AR",5,40346.67,30260,30260,2019-11-17 04:26:27,"d9776663502e53401b404851ebc77769",2020-01-10 02:57:53,"5e17e831c3cdaf7453b2e62e"
"130",4441,2019-06-08 15:18:00,"Flood",297,"111060 - Mangement cost","029-99029-00","Z - State Management","Z","State Management","Small","Conway",29,"Arkansas","AR",5,29941.76,29941.76,29941.76,2020-05-04 16:12:43,"e30f9566fd63ddcbd7fe96e3c8e543b5",2020-05-05 16:43:03,"5eb19797d7f69950eb9acfcf"
"131",4441,2019-06-08 15:18:00,"Flood",104,"111346 - Two Rivers Park","119-99119-00","G - Recreational or Other","G","Recreational or Other","Small","Pulaski",119,"Arkansas","AR",5,39663.54,29747.66,29747.66,2020-02-20 22:57:44,"fae75e83a2992d617b30a554cb774eb2",2020-02-21 20:41:04,"5e5040609fec1928135adafa"
"132",4441,2019-06-08 15:18:00,"Flood",149,"107184 - Lake Overcup Dam (Hazard Mitigation Requested","000-U2TVF-00","D - Water Control Facilities","D","Water Control Facilities","Small","Statewide",0,"Arkansas","AR",5,39413.68,29560.26,29560.26,2019-12-17 19:11:21,"5c765f79d24b6268a97ff2b5411777e1",2020-01-10 02:57:52,"5e17e830c3cdaf7453b2e5fc"
"133",4441,2019-06-08 15:18:00,"Flood",160,"115415 - Debris Removal Site Wide Vegetative and Silt","131-U09KM-00","A - Debris Removal","A","Debris Removal","Small","Sebastian",131,"Arkansas","AR",5,38628.2,28971.15,28971.15,2020-01-08 17:58:45,"90a98c97adab3b0e8cb2333993f9425d",2020-01-10 02:57:53,"5e17e831c3cdaf7453b2e62b"
"134",4441,2019-06-08 15:18:00,"Flood",98,"105378 - Delta River Nature Center PARKING LOT","000-U2TVF-00","C - Roads and Bridges","C","Roads and Bridges","Small","Statewide",0,"Arkansas","AR",5,38248.51,28686.38,28686.38,2019-11-23 00:08:38,"539a3a547f4c5387ac74d8dabc19ccd1",2020-01-10 02:57:53,"5e17e831c3cdaf7453b2e620"
"135",4441,2019-06-08 15:18:00,"Flood",19,"107336 - Yard Waste Facility Fence","033-71480-00","G - Recreational or Other","G","Recreational or Other","Small","Crawford",33,"Arkansas","AR",5,37485.69,28114.27,28114.27,2019-10-11 19:47:01,"8e8554a70f487182416a6279ff9dac1a",2020-01-10 02:57:52,"5e17e830c3cdaf7453b2e5c9"
"136",4441,2019-06-08 15:18:00,"Flood",135,"108428 - Pharris Access Road and Boat Ramp","000-U2TVF-00","C - Roads and Bridges","C","Roads and Bridges","Small","Statewide",0,"Arkansas","AR",5,37158.69,27869.02,27869.02,2019-12-11 23:57:53,"3ef89e331cc6e1d838d00d5e0b3e426b",2020-01-10 02:57:53,"5e17e831c3cdaf7453b2e622"
"137",4441,2019-06-08 15:18:00,"Flood",243,"119903 - City of Little Rock Presidential bridge Electr","119-41000-00","E - Public Buildings","E","Public Buildings","Small","Pulaski",119,"Arkansas","AR",5,36542,27406.5,27406.5,2020-04-03 19:56:10,"b7ccd62bdb7f1cc87b31d44d8a2a8d10",2020-04-04 16:42:55,"5e88b90fd7f69950ebbc3146"
"138",4441,2019-06-08 15:18:00,"Flood",264,"104739 - Arkansas Department of Emergency Management -","000-URKLW-00","B - Protective Measures","B","Protective Measures","Small","Statewide",0,"Arkansas","AR",5,36327.19,27245.39,27245.39,2020-04-08 16:11:10,"16818afae3e0a7503e4327142b088a75",2020-04-09 16:43:01,"5e8f5095d7f69950ebee5f76"
"139",4441,2019-06-08 15:18:00,"Flood",288,"104856 - Desha County EPM","041-99041-00","B - Protective Measures","B","Protective Measures","Small","Desha",41,"Arkansas","AR",5,36269.41,27202.06,27202.06,2020-05-04 16:12:44,"e4508d728e7a3d04bc14eef76ddd2557",2020-05-05 16:43:03,"5eb19797d7f69950eb9acfcb"
"140",4441,2019-06-08 15:18:00,"Flood",128,"105855  - Pendleton Debris Removal","041-99041-00","A - Debris Removal","A","Debris Removal","Small","Desha",41,"Arkansas","AR",5,35922.07,26941.55,26941.55,2019-12-10 00:09:06,"3e028df97fc120c510fac5b9a16e1d5d",2020-01-10 02:57:52,"5e17e830c3cdaf7453b2e601"
"141",4441,2019-06-08 15:18:00,"Flood",255,"108392 - Damaged Wastewater piping systems","119-0221C-00","F - Public Utilities","F","Public Utilities","Small","Pulaski",119,"Arkansas","AR",5,35668.39,26751.29,26751.29,2020-04-03 19:56:10,"f8cab6733264329a6587dadca3debe7d",2020-04-04 16:42:55,"5e88b90fd7f69950ebbc314a"
"142",4441,2019-06-08 15:18:00,"Flood",188,"115446 - Erosion of Concreted Rip Rap at Railroad Bridg","131-U09KM-00","G - Recreational or Other","G","Recreational or Other","Small","Sebastian",131,"Arkansas","AR",5,34174.6,25630.95,25630.95,2020-01-22 00:14:22,"22604fc505ede695af2b566df71cdbe5",2020-01-22 20:40:57,"5e28b3593ed9ed454195d83d"
"143",4441,2019-06-08 15:18:00,"Flood",239,"115432 - Cat Walk Damages","131-U09KM-00","G - Recreational or Other","G","Recreational or Other","Small","Sebastian",131,"Arkansas","AR",5,33521.63,25141.22,25141.22,2020-03-13 20:53:08,"e2df2ff8d96d891880f092521b28aea7",2020-03-15 08:15:00,"5e6de404c101911ebd67d0e2"
"144",4441,2019-06-08 15:18:00,"Flood",280,"108412 - Logan County roads: Airport Industrial Road,","083-99083-00","C - Roads and Bridges","C","Roads and Bridges","Small","Logan",83,"Arkansas","AR",5,33137.69,24853.27,24853.27,2020-05-12 23:35:43,"81bfd90797075f7049e460d471a64f9b",2020-05-13 16:43:06,"5ebc239ad7f69950ebd1995f"
"145",4441,2019-06-08 15:18:00,"Flood",44,"105901 - S. Front St. 5 Foot Storm Culvert Damage","149-17380-00","C - Roads and Bridges","C","Roads and Bridges","Small","Yell",149,"Arkansas","AR",5,32719.84,24539.88,24539.88,2019-11-23 00:08:39,"9556cb31197fd565a3947befbfaa1a73",2020-01-10 02:57:52,"5e17e830c3cdaf7453b2e5d2"
"146",4441,2019-06-08 15:18:00,"Flood",295,"113643 - Two Rivers Park - Contents","119-99119-00","G - Recreational or Other","G","Recreational or Other","Small","Pulaski",119,"Arkansas","AR",5,32621.58,24466.19,24466.19,2020-05-04 16:12:44,"0c9d298cc6df1fa3bd5a533760800c71",2020-05-05 16:43:03,"5eb19797d7f69950eb9acfcd"
"147",4441,2019-06-08 15:18:00,"Flood",126,"105859 - Crawford County Sheriff's Office - EPM","033-02D2E-00","B - Protective Measures","B","Protective Measures","Small","Crawford",33,"Arkansas","AR",5,32115.29,24086.47,24086.47,2019-12-04 19:18:40,"f4f0e810867829227b1766ef0e5ccb57",2020-01-10 02:57:52,"5e17e830c3cdaf7453b2e5fe"
"148",4441,2019-06-08 15:18:00,"Flood",79,"108564 - Pleasant View Water Facilities Category F","033-05FA4-00","F - Public Utilities","F","Public Utilities","Small","Crawford",33,"Arkansas","AR",5,31372.25,23529.19,23529.19,2020-01-08 17:58:45,"8180eb1fe2c671bdd8347cf83597cba7",2020-01-10 02:57:53,"5e17e831c3cdaf7453b2e634"
"149",4441,2019-06-08 15:18:00,"Flood",83,"107596 - First Electric Cooperative, Emergency Protecti","000-UUSFS-00","B - Protective Measures","B","Protective Measures","Small","Statewide",0,"Arkansas","AR",5,31137.03,23352.77,23352.77,2019-11-09 02:24:32,"23be5d815616f03e05cf63e14a5c7b4d",2020-01-10 02:57:52,"5e17e831c3cdaf7453b2e615"
"150",4441,2019-06-08 15:18:00,"Flood",21,"106053 - City of Perryville, Municipal Sewer System","105-54710-00","F - Public Utilities","F","Public Utilities","Small","Perry",105,"Arkansas","AR",5,30501.96,22876.47,22876.47,2019-12-04 19:18:40,"20a4cc0fa47653eed601d11fbd30e62d",2020-01-10 02:57:52,"5e17e830c3cdaf7453b2e5ce"
"151",4441,2019-06-08 15:18:00,"Flood",155,"110665 - Debris Removal Facility Wide","119-UTJ4D-00","A - Debris Removal","A","Debris Removal","Small","Pulaski",119,"Arkansas","AR",5,30292.18,22719.14,22719.14,2020-02-11 18:32:22,"c7f971a6038219a138ec488723345827",2020-02-19 20:41:02,"5e4d9d5e9fec19281353537e"
"152",4441,2019-06-08 15:18:00,"Flood",39,"105895 - Debris Removal and Incineration","149-17380-00","A - Debris Removal","A","Debris Removal","Small","Yell",149,"Arkansas","AR",5,29924.01,22443.01,22443.01,2019-10-11 19:45:33,"e524cb54868aaf948ea5e6a0a39f78fe",2020-01-10 02:57:52,"5e17e830c3cdaf7453b2e5d6"
"153",4441,2019-06-08 15:18:00,"Flood",194,"111342 - County-Wide Debris Removal","119-99119-00","A - Debris Removal","A","Debris Removal","Small","Pulaski",119,"Arkansas","AR",5,28109.82,21082.37,21082.37,2020-02-20 22:57:44,"d2de55b5c238e9328ade8d8c94cf89f1",2020-02-21 20:41:04,"5e5040609fec1928135adaf8"
"154",4441,2019-06-08 15:18:00,"Flood",304,"111230 - Searcy County Government Management Costs","129-99129-00","Z - State Management","Z","State Management","Small","Searcy",129,"Arkansas","AR",5,19761.44,19761.44,19761.44,2020-05-04 16:12:44,"aa6a79fef08a357a7bcc9b8532d51a79",2020-05-05 16:43:03,"5eb19797d7f69950eb9acfd0"
"155",4441,2019-06-08 15:18:00,"Flood",50,"103765 - Police / Fire / Public Utilities Protective Me","033-01EBA-00","B - Protective Measures","B","Protective Measures","Small","Crawford",33,"Arkansas","AR",5,26237.71,19678.28,19678.28,2019-10-18 21:54:16,"8dcd67821d83f4494840cbf7249c269c",2020-01-10 02:57:52,"5e17e830c3cdaf7453b2e5db"
"156",4441,2019-06-08 15:18:00,"Flood",26,"105872 - Water Control Valve","149-17380-00","F - Public Utilities","F","Public Utilities","Small","Yell",149,"Arkansas","AR",5,26065.81,19549.36,19549.36,2019-11-01 21:59:28,"f8a2b651265e5d35c6fec7d067f0fb9b",2020-01-10 02:57:52,"5e17e830c3cdaf7453b2e5fa"
"157",4441,2019-06-08 15:18:00,"Flood",176,"110854 - C1-Knotts Island, Swan Lake Rd","069-99069-00","C - Roads and Bridges","C","Roads and Bridges","Small","Jefferson",69,"Arkansas","AR",5,25203.3,18902.48,18902.48,2020-01-14 23:29:31,"424964aa7695e659aa3e1308c7c0d0fa",2020-01-15 20:45:26,"5e1f79e690d4f74386d6ac86"
"158",4441,2019-06-08 15:18:00,"Flood",281,"113032 - Riverfront Park Barge Disposal","119-41000-00","A - Debris Removal","A","Debris Removal","Small","Pulaski",119,"Arkansas","AR",5,25000,18750,18750,2020-05-12 23:35:42,"c9b33ba78aa5082f9812b95834ae0678",2020-05-13 16:43:06,"5ebc239ad7f69950ebd19960"
"159",4441,2019-06-08 15:18:00,"Flood",167,"108257 - Emergency Protective Measures","029-99029-00","B - Protective Measures","B","Protective Measures","Large","Conway",29,"Arkansas","AR",5,23883.33,17912.5,17912.5,2020-04-13 20:46:30,"7b988debdf98008ca3f292f224c58672",2020-04-14 16:43:08,"5e95e81cd7f69950eb0ecbb3"
"160",4441,2019-06-08 15:18:00,"Flood",153,"111328 - Willows Bend and Bottoms Road damage.","029-99029-00","C - Roads and Bridges","C","Roads and Bridges","Small","Conway",29,"Arkansas","AR",5,23540.46,17655.35,17655.35,2020-01-08 17:58:43,"72b7af4695e536151b9a864de9034814",2020-01-10 02:57:53,"5e17e831c3cdaf7453b2e627"
"161",4441,2019-06-08 15:18:00,"Flood",282,"123211 - Pine Bluff Wastewater MGMT Cost","069-U9XY5-00","Z - State Management","Z","State Management","Small","Jefferson",69,"Arkansas","AR",5,17470.53,17470.53,17470.53,2020-04-08 16:11:10,"2994c05e21585712a636ee9040ddc3a7",2020-04-09 16:43:01,"5e8f5095d7f69950ebee5f79"
"162",4441,2019-06-08 15:18:00,"Flood",24,"107609 - First Electric Cooperative Corp - Electric Dis","000-UUSFS-00","F - Public Utilities","F","Public Utilities","Small","Statewide",0,"Arkansas","AR",5,23159.34,17369.51,17369.51,2019-10-11 19:47:01,"5db669db560c085baf6936bae176c0a1",2020-01-10 02:57:52,"5e17e830c3cdaf7453b2e5ba"
"163",4441,2019-06-08 15:18:00,"Flood",140,"110863 - C9-Canal Drive (Asphalt Rd)","069-99069-00","C - Roads and Bridges","C","Roads and Bridges","Small","Jefferson",69,"Arkansas","AR",5,22998.77,17249.08,17249.08,2020-01-08 17:58:45,"56caed202a2727c3dbd9c5407ecc822c",2020-01-10 02:57:53,"5e17e831c3cdaf7453b2e63f"
"164",4441,2019-06-08 15:18:00,"Flood",109,"103868 - Yell County Management Costs","149-99149-00","Z - State Management","Z","State Management","Small","Yell",149,"Arkansas","AR",5,17145.05,17145.05,17145.05,2019-11-09 02:24:32,"ad9ff602909fbeaef6d94714337efa38",2020-01-10 02:57:53,"5e17e831c3cdaf7453b2e624"
"165",4441,2019-06-08 15:18:00,"Flood",67,"107909 - Biosolids Application Site Road","033-UXWLG-00","C - Roads and Bridges","C","Roads and Bridges","Small","Crawford",33,"Arkansas","AR",5,22500,16875,16875,2019-10-24 22:56:21,"1efd135c6ed52001568c0449ccc76faf",2020-01-10 02:57:53,"5e17e831c3cdaf7453b2e639"
"166",4441,2019-06-08 15:18:00,"Flood",195,"103518 - Police and Fire/Public Works Response","033-48200-00","B - Protective Measures","B","Protective Measures","Small","Crawford",33,"Arkansas","AR",5,22397.52,16798.14,16798.14,2020-03-03 19:56:29,"d4efe95a18b7a6f726000b31eca38fd0",2020-03-04 20:44:42,"5e60133a9fec19281363e809"
"167",4441,2019-06-08 15:18:00,"Flood",2,"104908 - City of Perry, Emergency Protective Measures","105-54650-00","B - Protective Measures","B","Protective Measures","Small","Perry",105,"Arkansas","AR",5,22013.9,16510.43,16510.43,2019-09-24 17:01:31,"53e9ccc0c2e4566db5a9fed3233d68e4",2020-01-10 02:57:52,"5e17e830c3cdaf7453b2e5ed"
"168",4441,2019-06-08 15:18:00,"Flood",31,"104914 - City of Perry, Sewage Lift Station","105-54650-00","F - Public Utilities","F","Public Utilities","Small","Perry",105,"Arkansas","AR",5,21132,15849,15849,2019-10-11 19:45:33,"be1721948c0924bf2d715449e38ee0a6",2020-01-10 02:57:52,"5e17e830c3cdaf7453b2e5b4"
"169",4441,2019-06-08 15:18:00,"Flood",193,"103769 - Blackland and Goff Circle Transfer Station","033-01EBA-00","F - Public Utilities","F","Public Utilities","Small","Crawford",33,"Arkansas","AR",5,20093.41,15070.06,15070.06,2020-02-12 23:24:35,"aef86954166c0770039c46b522511551",2020-02-19 20:41:02,"5e4d9d5e9fec19281353537d"
"170",4441,2019-06-08 15:18:00,"Flood",210,"110366 - Pump Station W","045-44750-00","F - Public Utilities","F","Public Utilities","Small","Faulkner",45,"Arkansas","AR",5,20071.47,15053.6,15053.6,2020-03-03 19:56:27,"06c9d09c8239a3dd2247bab3a9707f27",2020-03-04 20:44:42,"5e60133a9fec19281363e80a"
"171",4441,2019-06-08 15:18:00,"Flood",258,"110860 - C3-Maynard, Fisher Adams, Archer Rd","069-99069-00","C - Roads and Bridges","C","Roads and Bridges","Small","Jefferson",69,"Arkansas","AR",5,19181.06,14385.8,14385.8,2020-05-04 16:12:44,"f3ed97fdc8cf9f994a932522e4466044",2020-05-05 16:43:03,"5eb19797d7f69950eb9acfc7"
"172",4441,2019-06-08 15:18:00,"Flood",266,"115450  - Railroad Bridge","131-U09KM-00","C - Roads and Bridges","C","Roads and Bridges","Small","Sebastian",131,"Arkansas","AR",5,17684.61,13263.46,13263.46,2020-04-13 20:46:31,"8e2c57a1d9340b151d0fbb2ba208833d",2020-04-14 16:43:08,"5e95e81cd7f69950eb0ecbb6"
"173",4441,2019-06-08 15:18:00,"Flood",71,"110695 - Lee Creek Park Erosion","033-71480-00","G - Recreational or Other","G","Recreational or Other","Small","Crawford",33,"Arkansas","AR",5,17569.37,13177.03,13177.03,2019-11-23 00:08:38,"2c4cd3e0b03a92d0c53ff95bbe2e5101",2020-01-10 02:57:53,"5e17e831c3cdaf7453b2e630"
"174",4441,2019-06-08 15:18:00,"Flood",249,"107894 - Rebsamen Golf Course Damages","119-41000-00","E - Public Buildings","E","Public Buildings","Small","Pulaski",119,"Arkansas","AR",5,17312,12984,12984,2020-05-04 16:12:43,"319889ba99a5b6f63726750da44ea777",2020-05-05 16:43:03,"5eb19797d7f69950eb9acfc6"
"175",4441,2019-06-08 15:18:00,"Flood",48,"104534 - C - Roads and Bridges","131-03640-00","C - Roads and Bridges","C","Roads and Bridges","Small","Sebastian",131,"Arkansas","AR",5,17299.08,12974.31,12974.31,2019-11-17 04:26:28,"6b64a63c590701c569d14f31db865961",2020-01-10 02:57:52,"5e17e830c3cdaf7453b2e5f6"
"176",4441,2019-06-08 15:18:00,"Flood",68,"108598 - Eastside Park Tennis Courts","047-52970-00","G - Recreational or Other","G","Recreational or Other","Small","Franklin",47,"Arkansas","AR",5,16630.49,12472.87,12472.87,2019-11-23 00:08:39,"fa4ce6d64792d7bfc2376f4052587480",2020-01-10 02:57:53,"5e17e831c3cdaf7453b2e62f"
"177",4441,2019-06-08 15:18:00,"Flood",137,"107957 - Park wide Debris Removal","000-U0414-00","A - Debris Removal","A","Debris Removal","Small","Statewide",0,"Arkansas","AR",5,16537.93,12403.45,12403.45,2019-12-10 00:09:06,"9abe7b6b997de40470106e816369b7cc",2020-01-10 02:57:53,"5e17e831c3cdaf7453b2e61b"
"178",4441,2019-06-08 15:18:00,"Flood",66,"107167 - Cat B Emergency protectives Measures","069-55310-00","B - Protective Measures","B","Protective Measures","Small","Jefferson",69,"Arkansas","AR",5,15857.82,11893.37,11893.37,2019-10-24 22:56:21,"37a685040c0a85995524c233178a956c",2020-01-10 02:57:53,"5e17e831c3cdaf7453b2e61c"
"179",4441,2019-06-08 15:18:00,"Flood",95,"110326 - Searcy County Richland Road Slide","129-99129-00","C - Roads and Bridges","C","Roads and Bridges","Small","Searcy",129,"Arkansas","AR",5,15487.47,11615.6,11615.6,2020-03-13 20:53:08,"a92f7c21c57a6142c6135778bf4b074f",2020-03-15 08:14:59,"5e6de403c101911ebd67d0db"
"180",4441,2019-06-08 15:18:00,"Flood",14,"104068 - River Front Park","033-71480-00","G - Recreational or Other","G","Recreational or Other","Small","Crawford",33,"Arkansas","AR",5,15361.34,11521.01,11521.01,2019-11-01 21:59:28,"2c8cc8b330989998f10c6ad0e56b01a8",2020-01-10 02:57:52,"5e17e830c3cdaf7453b2e5cd"
"181",4441,2019-06-08 15:18:00,"Flood",43,"104537 - Barling City Park","131-03640-00","G - Recreational or Other","G","Recreational or Other","Small","Sebastian",131,"Arkansas","AR",5,15098.42,11323.82,11323.82,2020-01-14 23:29:32,"7c63e0a7e0e211afe31775cc4c6b7b18",2020-01-15 20:45:26,"5e1f79e690d4f74386d6ac83"
"182",4441,2019-06-08 15:18:00,"Flood",246,"110347 - EPM Pulaski County Sheriffs Office","119-99119-00","B - Protective Measures","B","Protective Measures","Small","Pulaski",119,"Arkansas","AR",5,14685.84,11014.38,11014.38,2020-03-13 20:53:08,"fe30ea1682d7b867643e9cc35fd4db57",2020-03-15 08:15:00,"5e6de404c101911ebd67d0e3"
"183",4441,2019-06-08 15:18:00,"Flood",222,"106256 - Van Buren Municipal Utilities Management Cost","033-UXWLG-00","Z - State Management","Z","State Management","Small","Crawford",33,"Arkansas","AR",5,10795.39,10795.39,10795.39,2020-02-12 23:24:35,"0aef812c79425be2741e37767f226a22",2020-02-19 20:41:02,"5e4d9d5e9fec19281353538e"
"184",4441,2019-06-08 15:18:00,"Flood",179,"116226 - FS Site #1 Culvert, Site #2 Culvert, Site #3 C","131-24550-00","C - Roads and Bridges","C","Roads and Bridges","Small","Sebastian",131,"Arkansas","AR",5,14329.64,10747.23,10747.23,2020-02-12 23:24:35,"d6c554540aac52e653ac3f0601587d9d",2020-02-19 20:41:02,"5e4d9d5e9fec192813535375"
"185",4441,2019-06-08 15:18:00,"Flood",35,"108859 - Cat B","069-UK5YG-00","B - Protective Measures","B","Protective Measures","Small","Jefferson",69,"Arkansas","AR",5,14283.57,10712.68,10712.68,2019-10-11 19:45:33,"ef0ff1f6f9b71057801e88a0bf575423",2020-01-10 02:57:52,"5e17e830c3cdaf7453b2e5f4"
"186",4441,2019-06-08 15:18:00,"Flood",182,"115418 - Access Roads and Yard Areas Gravel Loss and Sc","131-U09KM-00","C - Roads and Bridges","C","Roads and Bridges","Small","Sebastian",131,"Arkansas","AR",5,14159.45,10619.59,10619.59,2020-01-14 23:29:33,"1af8c9061f3febd8ef846072340a073a",2020-01-15 20:45:26,"5e1f79e690d4f74386d6ac8d"
"187",4441,2019-06-08 15:18:00,"Flood",76,"109353 - Emergency Protective Measures","069-USH7T-00","B - Protective Measures","B","Protective Measures","Small","Jefferson",69,"Arkansas","AR",5,14085.25,10563.94,10563.94,2019-11-01 21:59:29,"16a72762d1cd3e96209fd0d9b0b2c81b",2020-01-10 02:57:52,"5e17e830c3cdaf7453b2e612"
"188",4441,2019-06-08 15:18:00,"Flood",139,"110880 - G Marina Boat Ramp","069-99069-00","G - Recreational or Other","G","Recreational or Other","Small","Jefferson",69,"Arkansas","AR",5,13828.38,10371.29,10371.29,2019-12-10 00:09:06,"0872e55b8afa3e4743da63a405590e97",2020-01-10 02:57:52,"5e17e830c3cdaf7453b2e614"
"189",4441,2019-06-08 15:18:00,"Flood",70,"106705 - Central City Emergency Protective Measures","131-13120-00","B - Protective Measures","B","Protective Measures","Small","Sebastian",131,"Arkansas","AR",5,13448.38,10086.29,10086.29,2019-11-01 21:59:29,"f9b219a6238a496145e52667a5d1c43f",2020-01-10 02:57:52,"5e17e830c3cdaf7453b2e607"
"190",4441,2019-06-08 15:18:00,"Flood",257,"105093 - Sebastian County Management Cost","131-99131-00","Z - State Management","Z","State Management","Small","Sebastian",131,"Arkansas","AR",5,9858.66,9858.66,9858.66,2020-03-23 22:25:02,"bc2dc7f44dffaa9384bf964f8aa51c8e",2020-03-24 19:42:50,"5e7a62bafde7bd26f3d2a620"
"191",4441,2019-06-08 15:18:00,"Flood",30,"105870 - Veteran's Park Wells","149-17380-00","D - Water Control Facilities","D","Water Control Facilities","Small","Yell",149,"Arkansas","AR",5,13115.17,9836.38,9836.38,2019-10-24 22:56:21,"1df920fcc3c7f3953d60fd670ec74dec",2020-01-10 02:57:52,"5e17e830c3cdaf7453b2e5be"
"192",4441,2019-06-08 15:18:00,"Flood",143,"110963 - Emergency Protective Measures Pulaski County","119-99119-00","B - Protective Measures","B","Protective Measures","Small","Pulaski",119,"Arkansas","AR",5,13066.13,9799.6,9799.6,2020-03-23 22:25:02,"27ebd544988d8bb68596933dcd1b514e",2020-03-24 19:42:50,"5e7a62bafde7bd26f3d2a61a"
"193",4441,2019-06-08 15:18:00,"Flood",199,"108950 - Damaged Sampling stations","119-0221C-00","F - Public Utilities","F","Public Utilities","Small","Pulaski",119,"Arkansas","AR",5,12817.75,9613.31,9613.31,2020-03-03 19:56:25,"b198d1b8149b86216d897f9f7bc54ba1",2020-03-04 20:44:42,"5e60133a9fec19281363e80d"
"194",4441,2019-06-08 15:18:00,"Flood",303,"103537 - Townwide Endeavor","033-48200-00","A - Debris Removal","A","Debris Removal","Small","Crawford",33,"Arkansas","AR",5,12207.4,9155.55,9155.55,2020-05-12 23:35:42,"1c59dfbbdb02890f91f7256e76519eff",2020-05-13 16:43:06,"5ebc239ad7f69950ebd19963"
"195",4441,2019-06-08 15:18:00,"Flood",23,"104815 - Emergency Protective Measures","033-UXWLG-00","B - Protective Measures","B","Protective Measures","Small","Crawford",33,"Arkansas","AR",5,12092.95,9069.71,9069.71,2019-10-11 19:47:01,"b84cc91692e0cc5f01516122f1da1df5",2020-01-10 02:57:52,"5e17e830c3cdaf7453b2e5bd"
"196",4441,2019-06-08 15:18:00,"Flood",170,"116232 - P Street Station Drainage Ditch","131-24550-00","C - Roads and Bridges","C","Roads and Bridges","Small","Sebastian",131,"Arkansas","AR",5,11856.43,8892.32,8892.32,2020-02-11 18:32:22,"19f926d464584b94cacad127788d1f3b",2020-02-19 20:41:02,"5e4d9d5e9fec19281353537a"
"197",4441,2019-06-08 15:18:00,"Flood",236,"119756 - Blower Motor Control","069-U9XY5-00","E - Public Buildings","E","Public Buildings","Small","Jefferson",69,"Arkansas","AR",5,11430.27,8572.7,8572.7,2020-03-03 19:56:34,"8fb8fa004d5fa237c2f4ec16bac08bdc",2020-03-04 20:44:42,"5e60133a9fec19281363e812"
"198",4441,2019-06-08 15:18:00,"Flood",93,"108487 - Ozark emergency protective measures","047-52970-00","B - Protective Measures","B","Protective Measures","Small","Franklin",47,"Arkansas","AR",5,10868.95,8151.71,8151.71,2019-11-09 02:24:32,"d529994b1185a45638c3ec826cfcbda6",2020-01-10 02:57:53,"5e17e831c3cdaf7453b2e637"
"199",4441,2019-06-08 15:18:00,"Flood",94,"107849 - DR4441-AR Old River Drainage District Flood Co","119-UGIXA-00","B - Protective Measures","B","Protective Measures","Small","Pulaski",119,"Arkansas","AR",5,10858.05,8143.54,8143.54,2019-11-19 18:03:40,"eaf070c7bac55ad6c55203ba00e84d1c",2020-01-10 02:57:52,"5e17e830c3cdaf7453b2e5fd"
"200",4441,2019-06-08 15:18:00,"Flood",207,"106730 - Perry County - Management Costs","105-99105-00","Z - State Management","Z","State Management","Small","Perry",105,"Arkansas","AR",5,8024.3,8024.3,8024.3,2020-02-11 18:32:21,"ed042e85a035ec49138e45a418f8cd9f",2020-02-19 20:41:02,"5e4d9d5e9fec19281353538b"
"201",4441,2019-06-08 15:18:00,"Flood",31,"104914 - City of Perry, Sewage Lift Station","105-54650-00","F - Public Utilities","F","Public Utilities","Small","Perry",105,"Arkansas","AR",5,10481.34,7861.01,7861.01,2020-02-18 21:42:29,"a80e9e02e13647cecf066b70efeecc6c",2020-02-19 20:41:02,"5e4d9d5e9fec192813535381"
"202",4441,2019-06-08 15:18:00,"Flood",247,"119769 - E-1 Gate and Sampler, Hot Water Heater, Pressu","069-U9XY5-00","E - Public Buildings","E","Public Buildings","Small","Jefferson",69,"Arkansas","AR",5,10200.79,7650.59,7650.59,2020-03-23 22:25:03,"087009528785b3f0240e28468c2c9e08",2020-03-24 19:42:50,"5e7a62bafde7bd26f3d2a61e"
"203",4441,2019-06-08 15:18:00,"Flood",283,"112079 - (7) Culverts-Airport Industrial Rd, Cotton Tow","083-99083-00","C - Roads and Bridges","C","Roads and Bridges","Small","Logan",83,"Arkansas","AR",5,10117.04,7587.78,7587.78,2020-05-04 16:12:44,"f18c6ab17d6c3d26ee27432d58405a02",2020-05-05 16:43:03,"5eb19797d7f69950eb9acfca"
"204",4441,2019-06-08 15:18:00,"Flood",225,"123692 - Fire Boat Damage and Replaced due to EPM Activ","119-41000-00","B - Protective Measures","B","Protective Measures","Small","Pulaski",119,"Arkansas","AR",5,10000,7500,7500,2020-02-18 21:42:27,"51ab7d9267400411f2dff729996d1193",2020-02-19 20:41:02,"5e4d9d5e9fec19281353538d"
"205",4441,2019-06-08 15:18:00,"Flood",159,"110505 - Arkansas Department of Environmental Quality -","000-U6NKH-00","G - Recreational or Other","G","Recreational or Other","Small","Statewide",0,"Arkansas","AR",5,9946.28,7459.71,7459.71,2020-02-11 18:32:21,"4f25d394c459255f9b6df3e8d170ec28",2020-02-19 20:41:02,"5e4d9d5e9fec192813535376"
"206",4441,2019-06-08 15:18:00,"Flood",178,"115421 -  Storm Drain and Drain Pipe Damages with Clog","131-U09KM-00","D - Water Control Facilities","D","Water Control Facilities","Small","Sebastian",131,"Arkansas","AR",5,9923.24,7442.43,7442.43,2020-01-14 23:29:32,"4d8c1b59b4cde16037dffa2be041e9a8",2020-01-15 20:45:26,"5e1f79e690d4f74386d6ac85"
"207",4441,2019-06-08 15:18:00,"Flood",7,"104326 - Faulkner OEM Force Account","045-99045-00","B - Protective Measures","B","Protective Measures","Small","Faulkner",45,"Arkansas","AR",5,9829.65,7372.24,7372.24,2019-09-24 17:01:31,"7fa8cc4ef0384174cd1efd17e5d37d4a",2020-01-10 02:57:52,"5e17e830c3cdaf7453b2e5c8"
"208",4441,2019-06-08 15:18:00,"Flood",270,"106898 - Arkansas Department of Parks, Heritage and Tou","000-U0414-00","Z - State Management","Z","State Management","Small","Statewide",0,"Arkansas","AR",5,7225.88,7225.88,7225.88,2020-04-03 19:56:11,"8e5691de0587e7b860463837f2e366ab",2020-04-04 16:42:55,"5e88b90fd7f69950ebbc314c"
"209",4441,2019-06-08 15:18:00,"Flood",161,"107509 - Debris Removal from Wastewater Facility","069-U9XY5-00","A - Debris Removal","A","Debris Removal","Small","Jefferson",69,"Arkansas","AR",5,9373.24,7029.93,7029.93,2020-03-03 19:56:34,"b7b6805efdbc8f83fb7dc9a7cdfa00b4",2020-03-04 20:44:42,"5e60133a9fec19281363e805"
"210",4441,2019-06-08 15:18:00,"Flood",86,"110868 - C6- Altheimer road bridge","069-99069-00","C - Roads and Bridges","C","Roads and Bridges","Small","Jefferson",69,"Arkansas","AR",5,9350.17,7012.63,7012.63,2019-12-17 19:11:22,"c1935199aa57de4a0b99c2ee70c8fc92",2020-01-10 02:57:53,"5e17e831c3cdaf7453b2e61f"
"211",4441,2019-06-08 15:18:00,"Flood",271,"106904 - Arkansas State Military Department - Managemen","000-U0BXX-00","Z - State Management","Z","State Management","Small","Statewide",0,"Arkansas","AR",5,6965.28,6965.28,6965.28,2020-03-23 22:25:02,"67160d1de32c9a8f226dba8b9d5b9a87",2020-03-24 19:42:50,"5e7a62bafde7bd26f3d2a61f"
"212",4441,2019-06-08 15:18:00,"Flood",216,"123142 - Plum Bayou Levee Distric MGMT Costs","069-UK5YG-00","Z - State Management","Z","State Management","Small","Jefferson",69,"Arkansas","AR",5,6698.67,6698.67,6698.67,2020-02-11 18:32:22,"9b43ccf41b0a942601bcaa2e54b613e3",2020-02-19 20:41:02,"5e4d9d5e9fec192813535388"
"213",4441,2019-06-08 15:18:00,"Flood",147,"107959 - Pinnacle Mtn State Park EPM","000-U0414-00","B - Protective Measures","B","Protective Measures","Small","Statewide",0,"Arkansas","AR",5,8714.11,6535.58,6535.58,2020-01-14 23:29:32,"c959c4f7494a950e00a35aea221661d4",2020-01-15 20:45:26,"5e1f79e690d4f74386d6ac8f"
"214",4441,2019-06-08 15:18:00,"Flood",124,"111057 - Management Costs","029-52430-00","Z - State Management","Z","State Management","Small","Conway",29,"Arkansas","AR",5,6377.51,6377.51,6377.51,2019-12-10 00:09:06,"0183858ac105814ef0ddd888198e94bf",2020-01-10 02:57:53,"5e17e831c3cdaf7453b2e63c"
"215",4441,2019-06-08 15:18:00,"Flood",16,"104423 - Barling City (Emergency Protective Measures)","131-03640-00","B - Protective Measures","B","Protective Measures","Small","Sebastian",131,"Arkansas","AR",5,8252.74,6189.56,6189.56,2019-10-07 20:56:59,"59aa1c0504b989638cf0217deab774ba",2020-01-10 02:57:52,"5e17e830c3cdaf7453b2e5c7"
"216",4441,2019-06-08 15:18:00,"Flood",136,"109307 - DRRA CAT Z Mgnt Cost City of Ozark","047-52970-00","Z - State Management","Z","State Management","Small","Franklin",47,"Arkansas","AR",5,5991.46,5991.46,5991.46,2019-12-04 19:18:40,"c196eaf5cd4180cb902d08d066387382",2020-01-10 02:57:53,"5e17e831c3cdaf7453b2e629"
"217",4441,2019-06-08 15:18:00,"Flood",110,"109921 - Emergency Protective Measures Pine Bluff Waste","069-U9XY5-00","B - Protective Measures","B","Protective Measures","Small","Jefferson",69,"Arkansas","AR",5,7655.27,5741.45,5741.45,2019-11-19 18:03:40,"f6d67ee530063b239dfea0eefb85de32",2020-01-10 02:57:53,"5e17e831c3cdaf7453b2e63a"
"218",4441,2019-06-08 15:18:00,"Flood",84,"104157 - City of Maumelle Sandbagging, FA Overtime Hour","119-44600-00","B - Protective Measures","B","Protective Measures","Small","Pulaski",119,"Arkansas","AR",5,6955.95,5216.96,5216.96,2019-11-01 21:59:28,"ec0267aca8da07ffe431eb1fc5736747",2020-01-10 02:57:53,"5e17e831c3cdaf7453b2e616"
"219",4441,2019-06-08 15:18:00,"Flood",163,"110374 - City of Mayflower Fire Department","045-44750-00","B - Protective Measures","B","Protective Measures","Small","Faulkner",45,"Arkansas","AR",5,6916.38,5187.29,5187.29,2020-01-08 17:58:44,"fafe48e71b16f6508aa48fc8911607b7",2020-01-10 02:57:53,"5e17e831c3cdaf7453b2e672"
"220",4441,2019-06-08 15:18:00,"Flood",53,"108948 - Hopkin Street - Franklin County - Culvert","047-99047-00","C - Roads and Bridges","C","Roads and Bridges","Small","Franklin",47,"Arkansas","AR",5,6913.07,5184.8,5184.8,2019-10-24 22:56:21,"f94b37c80c35b27e205d30546acc930d",2020-01-10 02:57:52,"5e17e830c3cdaf7453b2e5dd"
"221",4441,2019-06-08 15:18:00,"Flood",173,"107204 - Cat C- RV Park Bridge","069-55310-00","C - Roads and Bridges","C","Roads and Bridges","Small","Jefferson",69,"Arkansas","AR",5,6905.01,5178.76,5178.76,2020-01-22 00:14:22,"182f4fa114a5cef98b1e0f69109928e1",2020-01-22 20:40:57,"5e28b3593ed9ed454195d840"
"222",4441,2019-06-08 15:18:00,"Flood",218,"110371 - E-ON low pressure sewer system","045-44750-00","F - Public Utilities","F","Public Utilities","Small","Faulkner",45,"Arkansas","AR",5,6865.02,5148.77,5148.77,2020-03-03 19:56:28,"8afb06076cf1eab38420ec715744d905",2020-03-04 20:44:42,"5e60133a9fec19281363e803"
"223",4441,2019-06-08 15:18:00,"Flood",267,"109058 - Emergency Protective Measures - Franklin Count","047-99047-00","B - Protective Measures","B","Protective Measures","Small","Franklin",47,"Arkansas","AR",5,6805.22,5103.92,5103.92,2020-04-03 19:56:11,"a07ce2d957e6529fa466f9b13e0e400a",2020-04-04 16:42:55,"5e88b90fd7f69950ebbc314b"
"224",4441,2019-06-08 15:18:00,"Flood",223,"111229 - Fourche Levee","119-UW47A-00","Z - State Management","Z","State Management","Small","Pulaski",119,"Arkansas","AR",5,5063.85,5063.85,5063.85,2020-02-12 23:24:35,"4cafd57700986140474f27671189c25f",2020-02-19 20:41:02,"5e4d9d5e9fec19281353538f"
"225",4441,2019-06-08 15:18:00,"Flood",77,"111511 - City of Conway Parks and Recreation","045-15190-00","G - Recreational or Other","G","Recreational or Other","Small","Faulkner",45,"Arkansas","AR",5,6578.03,4933.52,4933.52,2019-11-17 04:26:27,"fd59c1af259fbca7c07c31decf176fcc",2020-01-10 02:57:53,"5e17e831c3cdaf7453b2e633"
"226",4441,2019-06-08 15:18:00,"Flood",108,"108258 - Debris Removal","029-99029-00","A - Debris Removal","A","Debris Removal","Small","Conway",29,"Arkansas","AR",5,6411.18,4808.39,4808.39,2019-12-10 00:09:05,"8120d2f1328e2f589fe9983823568dee",2020-01-10 02:57:53,"5e17e831c3cdaf7453b2e618"
"227",4441,2019-06-08 15:18:00,"Flood",113,"105916 - Temple Street Road Damage","119-41000-00","C - Roads and Bridges","C","Roads and Bridges","Small","Pulaski",119,"Arkansas","AR",5,6365.77,4774.33,4774.33,2019-12-04 19:18:39,"94c1a82afa715165ba19d1dfdf71fd4d",2020-01-10 02:57:52,"5e17e830c3cdaf7453b2e60a"
"228",4441,2019-06-08 15:18:00,"Flood",221,"110859 - C2-Jacob and Acorn Rd","069-99069-00","C - Roads and Bridges","C","Roads and Bridges","Small","Jefferson",69,"Arkansas","AR",5,6353.6,4765.2,4765.2,2020-02-18 21:42:29,"d81f22c5674ac1a0472dbc7db0084537",2020-02-19 20:41:02,"5e4d9d5e9fec192813535390"
"229",4441,2019-06-08 15:18:00,"Flood",229,"115436 - Truck/Vehicle Canopy","131-U09KM-00","E - Public Buildings","E","Public Buildings","Small","Sebastian",131,"Arkansas","AR",5,6329.87,4747.4,4747.4,2020-03-03 19:56:36,"2af0c847c437b5fe3ac8bb82fb989dec",2020-03-04 20:44:42,"5e60133a9fec19281363e815"
"230",4441,2019-06-08 15:18:00,"Flood",145,"110383 - City of Mayflower Street Department, Trail End","045-44750-00","B - Protective Measures","B","Protective Measures","Small","Faulkner",45,"Arkansas","AR",5,6303.59,4727.69,4727.69,2020-03-13 20:53:08,"e5f31182738c91293ca395769e559224",2020-03-15 08:14:59,"5e6de403c101911ebd67d0dc"
"231",4441,2019-06-08 15:18:00,"Flood",88,"109350 - Debris Removal","069-USH7T-00","A - Debris Removal","A","Debris Removal","Small","Jefferson",69,"Arkansas","AR",5,6082,4561.5,4561.5,2019-11-17 04:26:28,"f7a882e24464a93060d3677c580db999",2020-01-10 02:57:53,"5e17e831c3cdaf7453b2e635"
"232",4441,2019-06-08 15:18:00,"Flood",4,"106150 - Bigelow, Emergency Protective Measure - Sewer","105-05920-00","B - Protective Measures","B","Protective Measures","Small","Perry",105,"Arkansas","AR",5,6000,4500,4500,2019-09-24 17:01:31,"e31b90c66a1c7e56eaa8a2b65b19274b",2020-01-10 02:57:52,"5e17e830c3cdaf7453b2e5ee"
"233",4441,2019-06-08 15:18:00,"Flood",241,"111284 - Barling City - Z - Management Costs","131-03640-00","Z - State Management","Z","State Management","Small","Sebastian",131,"Arkansas","AR",5,4497.8,4497.8,4497.8,2020-03-03 19:56:32,"fd72a0e4d4a3201b7e73217ad1eb93f3",2020-03-04 20:44:42,"5e60133a9fec19281363e816"
"234",4441,2019-06-08 15:18:00,"Flood",123,"107334 - Choctaw Island Wildlife Management Area Debris","000-U2TVF-00","A - Debris Removal","A","Debris Removal","Small","Statewide",0,"Arkansas","AR",5,5840,4380,4380,2019-12-11 23:57:53,"4c7a7731fe0aacc61e22aeb44b69642f",2020-01-10 02:57:53,"5e17e831c3cdaf7453b2e61d"
"235",4441,2019-06-08 15:18:00,"Flood",154,"114479 - Logan County EPM, County Wide","083-99083-00","B - Protective Measures","B","Protective Measures","Small","Logan",83,"Arkansas","AR",5,5788.28,4341.21,4341.21,2020-01-14 23:29:32,"fd20341a2aac45876a978d44620143c0",2020-01-15 20:45:26,"5e1f79e690d4f74386d6ac8e"
"236",4441,2019-06-08 15:18:00,"Flood",251,"115449 - Building 3 Foundation Erosion","131-U09KM-00","E - Public Buildings","E","Public Buildings","Small","Sebastian",131,"Arkansas","AR",5,5764.36,4323.27,4323.27,2020-04-03 19:56:11,"4abf651621a45e9350a7155a739315b2",2020-04-04 16:42:55,"5e88b90fd7f69950ebbc3148"
"237",4441,2019-06-08 15:18:00,"Flood",25,"106782-Conway County Levee District #16 - Levee Damages","029-U9QT0-00","D - Water Control Facilities","D","Water Control Facilities","Small","Conway",29,"Arkansas","AR",5,5421.16,4065.87,4065.87,2020-01-08 17:58:45,"b48056c11a7063355b7089e38a757bb3",2020-01-10 02:57:52,"5e17e830c3cdaf7453b2e5f2"
"238",4441,2019-06-08 15:18:00,"Flood",174,"116230 - Fort Smith Culvert #5 on river front drive","131-24550-00","C - Roads and Bridges","C","Roads and Bridges","Small","Sebastian",131,"Arkansas","AR",5,5391.6,4043.7,4043.7,2020-01-22 00:14:22,"da8a030b79b466b3ce4f5311dc1d50bb",2020-01-22 20:40:57,"5e28b3593ed9ed454195d83f"
"239",4441,2019-06-08 15:18:00,"Flood",256,"109149 -  NE Yell Co. Water Assn. Management Costs","149-00FED-00","Z - State Management","Z","State Management","Small","Yell",149,"Arkansas","AR",5,3928.89,3928.89,3928.89,2020-03-23 22:25:03,"86befd5c19e39fe26870a3d397c05308",2020-03-24 19:42:50,"5e7a62bafde7bd26f3d2a61d"
"240",4441,2019-06-08 15:18:00,"Flood",141,"119942 - City of Maumelle Estimated Management Cost","119-44600-00","Z - State Management","Z","State Management","Small","Pulaski",119,"Arkansas","AR",5,3926.88,3926.88,3926.88,2019-12-10 00:09:05,"0bb08cf05940630e7fb43960c909dab9",2020-01-10 02:57:53,"5e17e831c3cdaf7453b2e62a"
"241",4441,2019-06-08 15:18:00,"Flood",177,"110865 - C5-German Spring Road (culvert)","069-99069-00","C - Roads and Bridges","C","Roads and Bridges","Small","Jefferson",69,"Arkansas","AR",5,5031.28,3773.46,3773.46,2020-03-23 22:25:02,"1cdb3d10ce08d9dde3527b28a530304f",2020-03-24 19:42:50,"5e7a62bafde7bd26f3d2a61c"
"242",4441,2019-06-08 15:18:00,"Flood",60,"104744 - Arkansas Department of Emergency Management","000-URKLW-00","B - Protective Measures","B","Protective Measures","Small","Statewide",0,"Arkansas","AR",5,5022.61,3766.96,3766.96,2020-02-11 18:32:21,"f60368b2353cde12fd5d1215b835853a",2020-02-19 20:41:02,"5e4d9d5e9fec192813535377"
"243",4441,2019-06-08 15:18:00,"Flood",114,"112412 - Bar Screen damage","119-0221C-00","F - Public Utilities","F","Public Utilities","Small","Pulaski",119,"Arkansas","AR",5,4975.94,3731.96,3731.96,2020-03-03 19:56:24,"9894b0ef216b4580bfd89ff7809c8b39",2020-03-04 20:44:42,"5e60133a9fec19281363e7f9"
"244",4441,2019-06-08 15:18:00,"Flood",211,"112373 - Dardanelle/McKennon Bottoms/Johnson County Wat","000-U2TVF-00","G - Recreational or Other","G","Recreational or Other","Small","Statewide",0,"Arkansas","AR",5,4835.25,3626.44,3626.44,2020-03-03 19:56:23,"cdcc5b37ac4f80c6007f10a5284e2594",2020-03-04 20:44:42,"5e60133a9fec19281363e807"
"245",4441,2019-06-08 15:18:00,"Flood",116,"107301 - Faulkner County Road Management Costs","045-99045-01","Z - State Management","Z","State Management","Small","Faulkner",45,"Arkansas","AR",5,3586.04,3586.04,3586.04,2019-11-19 18:03:40,"56fed6b197c0292f96f9b0d7a59b5323",2020-01-10 02:57:53,"5e17e831c3cdaf7453b2e621"
"246",4441,2019-06-08 15:18:00,"Flood",65,"106554 - Emergency Protective Measures","131-99131-00","B - Protective Measures","B","Protective Measures","Small","Sebastian",131,"Arkansas","AR",5,4689.96,3517.47,3517.47,2019-11-01 21:59:28,"fc65b59cf047300884dc63d0d19a9f39",2020-01-10 02:57:52,"5e17e830c3cdaf7453b2e610"
"247",4441,2019-06-08 15:18:00,"Flood",105,"110826 - Flow meters","119-UTBGN-00","F - Public Utilities","F","Public Utilities","Small","Pulaski",119,"Arkansas","AR",5,4319.3,3239.48,3239.48,2019-12-17 19:11:22,"6804c474d095be6a57916f51577c944d",2020-01-10 02:57:53,"5e17e831c3cdaf7453b2e638"
"248",4441,2019-06-08 15:18:00,"Flood",97,"110330 - Searcy County Falcon Lane Bridge Headwall","129-99129-00","C - Roads and Bridges","C","Roads and Bridges","Small","Searcy",129,"Arkansas","AR",5,4151.06,3113.3,3113.3,2020-02-18 21:42:29,"4f9eaca6073840600b9a3d707ca7edce",2020-02-19 20:41:02,"5e4d9d5e9fec192813535380"
"249",4441,2019-06-08 15:18:00,"Flood",55,"105513 - VBMU MAIN WWTP Equipment","033-UXWLG-00","E - Public Buildings","E","Public Buildings","Small","Crawford",33,"Arkansas","AR",5,4150.11,3112.58,3112.58,2019-12-11 23:57:53,"10013c92f9c6c46de294f7090c163de5",2020-01-10 02:57:53,"5e17e831c3cdaf7453b2e62d"
"250",4441,2019-06-08 15:18:00,"Flood",61,"108613 - Emergency sandbagging and temporary repairs to","033-05FA4-00","B - Protective Measures","B","Protective Measures","Small","Crawford",33,"Arkansas","AR",5,3943.31,2957.48,2957.48,2019-11-01 21:59:29,"fd00d4d52d09f14df8f9870fbbbfc5ec",2020-01-10 02:57:52,"5e17e830c3cdaf7453b2e603"
"251",4441,2019-06-08 15:18:00,"Flood",245,"105842 - Arkansas Department of Environmental Quality M","000-U6NKH-00","Z - State Management","Z","State Management","Small","Statewide",0,"Arkansas","AR",5,2751.84,2751.84,2751.84,2020-03-03 19:56:29,"6fa102fdb9696e0be24955c2b8edda57",2020-03-04 20:44:42,"5e60133a9fec19281363e818"
"252",4441,2019-06-08 15:18:00,"Flood",122,"104221 - City of Lavaca Management Cost","131-38890-00","Z - State Management","Z","State Management","Small","Sebastian",131,"Arkansas","AR",5,2739.52,2739.52,2739.52,2019-11-23 00:08:39,"3164d1b97ee414a97c13385b7ded63c1",2020-01-10 02:57:53,"5e17e831c3cdaf7453b2e63e"
"253",4441,2019-06-08 15:18:00,"Flood",151,"107888 - Shelby Circle Road Damage","119-41000-00","C - Roads and Bridges","C","Roads and Bridges","Small","Pulaski",119,"Arkansas","AR",5,3336.08,2502.06,2502.06,2019-12-17 19:11:21,"ce51806de654004a0840c9708fc824da",2020-01-10 02:57:53,"5e17e831c3cdaf7453b2e626"
"254",4441,2019-06-08 15:18:00,"Flood",244,"104222 - City iof Dyer Management Cost","033-01EBA-00","Z - State Management","Z","State Management","Small","Crawford",33,"Arkansas","AR",5,2316.56,2316.56,2316.56,2020-04-03 19:56:10,"125933db2daa3ad08b54aca6a1a0a319",2020-04-04 16:42:55,"5e88b90fd7f69950ebbc3147"
"255",4441,2019-06-08 15:18:00,"Flood",87,"105839 - Arkansas State Police Management Costs","000-U0416-00","Z - State Management","Z","State Management","Small","Statewide",0,"Arkansas","AR",5,2195.62,2195.62,2195.62,2019-11-01 21:59:27,"0bde8a1d212bcd33a6be4b7272dc9d95",2020-01-10 02:57:52,"5e17e830c3cdaf7453b2e611"
"256",4441,2019-06-08 15:18:00,"Flood",133,"106072 - Conway Corporation Management Costs","045-01E20-00","Z - State Management","Z","State Management","Small","Faulkner",45,"Arkansas","AR",5,2188.38,2188.38,2188.38,2019-12-04 19:18:39,"1150eb95129a00a4a288e5ff19711cff",2020-01-10 02:57:53,"5e17e831c3cdaf7453b2e625"
"257",4441,2019-06-08 15:18:00,"Flood",220,"118939 - Pleasant View Water Facilities Management Cost","033-05FA4-00","Z - State Management","Z","State Management","Small","Crawford",33,"Arkansas","AR",5,1765.78,1765.78,1765.78,2020-02-12 23:24:35,"1b8cdb0d792cb9d44cdb9affc89eff21",2020-02-19 20:41:02,"5e4d9d5e9fec192813535389"
"258",4441,2019-06-08 15:18:00,"Flood",148,"105670 - Crawford County Sheriff's Office Mgmt. Cost","033-02D2E-00","Z - State Management","Z","State Management","Small","Crawford",33,"Arkansas","AR",5,1605.76,1605.76,1605.76,2019-12-17 19:11:21,"fcfba831503eb4a5508b0bf25be4530f",2020-01-10 02:57:53,"5e17e831c3cdaf7453b2e61a"
"259",4441,2019-06-08 15:18:00,"Flood",132,"106068 - Faulkner County Sheriff's Office Management Co","045-02406-00","Z - State Management","Z","State Management","Small","Faulkner",45,"Arkansas","AR",5,610.76,610.76,610.76,2019-12-04 19:18:39,"969e1d5037c4ed4e7c6d323338897d29",2020-01-10 02:57:52,"5e17e830c3cdaf7453b2e606"
"260",4441,2019-06-08 15:18:00,"Flood",127,"108696 - DR4441AR Old River Drainage District Managemen","119-UGIXA-00","Z - State Management","Z","State Management","Small","Pulaski",119,"Arkansas","AR",5,542.9,542.9,542.9,2019-12-10 00:09:06,"143d9f7e85a9e796269334c887099ae1",2020-01-10 02:57:53,"5e17e831c3cdaf7453b2e623"
